Player,Team,Match Up,Game Date,Column 5,Win Loss,Min,Points,FGM,FGA,FG%,3PT,3PA,3P%,FTM,FTA,FT%,OREB,DREB,REB,AST,STL,BLK,TOV,PF,PlusMinus,Fantasy
Rudy Gobert,UTA,29,C,71,71,100.0%,9.2,22.3,41.3,49.3,-7.9,,,,,,,,,,,,,,,
Brook Lopez,MIL,33,C,69,69,100.0%,9.0,19.8,45.2,48.9,-3.6,,,,,,,,,,,,,,,
Nikola Jokic,DEN,26,C,71,71,100.0%,8.8,18.0,49.0,49.2,-0.2,,,,,,,,,,,,,,,
Nikola Vucevic,CHI,30,C,69,69,100.0%,8.6,17.1,50.4,49.2,1.2,,,,,,,,,,,,,,,
Domantas Sabonis,IND,25,F-C,61,61,100.0%,8.5,18.1,47.1,48.8,-1.7,,,,,,,,,,,,,,,
Jonas Valanciunas,MEM,29,C,62,62,100.0%,8.3,16.8,49.5,48.9,0.6,,,,,,,,,,,,,,,
Joel Embiid,PHI,27,C-F,51,51,100.0%,8.2,17.4,47.2,49.5,-2.3,,,,,,,,,,,,,,,
Karl-Anthony Towns,MIN,25,C-F,50,50,100.0%,8.1,16.5,49.0,49.5,-0.5,,,,,,,,,,,,,,,
Myles Turner,IND,25,C-F,46,46,100.0%,8.1,17.9,45.2,49.3,-4.1,,,,,,,,,,,,,,,
Christian Wood,HOU,25,F,41,41,100.0%,8.0,17.5,45.8,47.6,-1.8,,,,,,,,,,,,,,,
Mason Plumlee,DET,31,F-C,56,56,100.0%,8.0,14.7,54.4,50.6,3.9,,,,,,,,,,,,,,,
Kristaps Porzingis,DAL,25,F-C,43,43,100.0%,8.0,16.6,48.2,48.4,-0.2,,,,,,,,,,,,,,,
Deandre Ayton,PHX,22,C,67,67,100.0%,8.0,17.1,46.6,48.3,-1.8,,,,,,,,,,,,,,,
Jakob Poeltl,SAS,25,C,69,69,100.0%,7.8,17.3,44.9,48.6,-3.7,,,,,,,,,,,,,,,
Pascal Siakam,TOR,27,F,56,56,100.0%,7.8,15.6,49.6,47.0,2.6,,,,,,,,,,,,,,,
Al Horford,BOS,35,C-F,27,27,100.0%,7.7,15.1,50.9,48.9,2.0,,,,,,,,,,,,,,,
Enes Freedom,POR,29,C,69,69,100.0%,7.6,15.0,50.8,49.4,1.4,,,,,,,,,,,,,,,
Kelly Olynyk,HOU,30,F-C,70,70,100.0%,7.5,15.0,50.2,47.8,2.5,,,,,,,,,,,,,,,
P.J. Washington,CHA,22,F,63,63,100.0%,7.4,14.6,50.5,47.9,2.6,,,,,,,,,,,,,,,
Robert Covington,POR,30,F,67,67,100.0%,7.2,14.7,49.2,47.6,1.6,,,,,,,,,,,,,,,
Clint Capela,ATL,27,C,63,63,100.0%,7.2,15.3,47.0,49.8,-2.7,,,,,,,,,,,,,,,
Thomas Bryant,WAS,23,C-F,10,10,100.0%,7.1,15.9,44.7,48.9,-4.3,,,,,,,,,,,,,,,
De'Aaron Fox,SAC,23,G,56,56,100.0%,7.1,14.7,48.2,45.9,2.2,,,,,,,,,,,,,,,
Shai Gilgeous-Alexander,OKC,22,G-F,34,34,100.0%,7.0,14.7,47.9,45.9,2.0,,,,,,,,,,,,,,,
Andre Drummond,LAL,27,C,46,46,100.0%,7.0,13.5,51.8,49.6,2.2,,,,,,,,,,,,,,,
Jarrett Allen,CLE,23,C,63,63,100.0%,7.0,15.0,46.4,49.3,-2.9,,,,,,,,,,,,,,,
Isaac Okoro,CLE,20,F-G,67,67,100.0%,6.9,13.0,52.9,45.9,7.0,,,,,,,,,,,,,,,
Royce O'Neale,UTA,28,F,71,71,100.0%,6.9,13.9,49.4,47.1,2.4,,,,,,,,,,,,,,,
Richaun Holmes,SAC,27,F,60,60,100.0%,6.9,14.9,46.1,49.1,-3.0,,,,,,,,,,,,,,,
LaMarcus Aldridge,BKN,35,C-F,26,26,100.0%,6.9,14.7,46.9,47.7,-0.8,,,,,,,,,,,,,,,
Kemba Walker,OKC,31,G,43,43,100.0%,6.9,13.5,50.9,46.3,4.6,,,,,,,,,,,,,,,
Oshae Brissett,IND,23,F-G,20,20,100.0%,6.8,13.8,49.6,47.2,2.4,,,,,,,,,,,,,,,
Darius Bazley,OKC,21,F-G,54,54,100.0%,6.8,15.0,45.6,47.1,-1.6,,,,,,,,,,,,,,,
Buddy Hield,SAC,28,G,69,69,100.0%,6.8,14.0,48.8,46.1,2.7,,,,,,,,,,,,,,,
Steven Adams,NOP,27,C,56,56,100.0%,6.8,14.3,47.3,49.4,-2.1,,,,,,,,,,,,,,,
Wendell Carter Jr.,ORL,22,C-F,54,54,100.0%,6.7,14.2,46.9,49.7,-2.8,,,,,,,,,,,,,,,
Serge Ibaka,LAC,31,F,41,41,100.0%,6.7,14.0,47.7,49.2,-1.5,,,,,,,,,,,,,,,
Moses Brown,BOS,21,C,41,41,100.0%,6.6,13.3,50.0,48.3,1.7,,,,,,,,,,,,,,,
Draymond Green,GSW,31,F,62,62,100.0%,6.6,14.8,44.7,48.1,-3.4,,,,,,,,,,,,,,,
Andrew Wiggins,GSW,26,F,70,70,100.0%,6.6,14.8,44.4,46.6,-2.3,,,,,,,,,,,,,,,
Derrick White,SAS,26,G,36,36,100.0%,6.6,14.1,46.8,46.4,0.4,,,,,,,,,,,,,,,
Fred VanVleet,TOR,27,G,52,52,100.0%,6.6,14.3,45.8,46.2,-0.4,,,,,,,,,,,,,,,
Terry Rozier,CHA,27,G,68,68,100.0%,6.5,13.6,47.8,45.8,2.0,,,,,,,,,,,,,,,
Julius Randle,NYK,26,F-C,70,70,100.0%,6.5,14.7,44.2,47.8,-3.6,,,,,,,,,,,,,,,
Cameron Oliver,HOU,24,F,4,4,100.0%,6.5,11.5,56.5,46.7,9.8,,,,,,,,,,,,,,,
John Collins,ATL,23,F-C,63,63,100.0%,6.5,13.3,48.9,47.9,1.0,,,,,,,,,,,,,,,
Ivica Zubac,LAC,24,C,71,71,100.0%,6.5,14.5,44.6,49.6,-5.0,,,,,,,,,,,,,,,
Daniel Theis,CHI,29,F-C,65,65,100.0%,6.5,13.6,47.6,48.3,-0.7,,,,,,,,,,,,,,,
Jaren Jackson Jr.,MEM,21,F-C,11,11,100.0%,6.5,11.6,55.9,48.5,7.4,,,,,,,,,,,,,,,
Anthony Davis,LAL,28,F-C,36,36,100.0%,6.4,14.1,45.4,47.9,-2.5,,,,,,,,,,,,,,,
Kevin Porter Jr.,HOU,21,G-F,26,26,100.0%,6.4,12.3,52.0,47.5,4.6,,,,,,,,,,,,,,,
Josh Hart,NOP,26,G,46,46,100.0%,6.4,13.2,48.5,46.3,2.2,,,,,,,,,,,,,,,
Jusuf Nurkic,POR,26,C,36,36,100.0%,6.3,13.2,47.9,49.5,-1.6,,,,,,,,,,,,,,,
Zion Williamson,NOP,20,F,59,59,100.0%,6.3,13.8,45.2,46.7,-1.5,,,,,,,,,,,,,,,
Dennis Schroder,LAL,27,G,61,61,100.0%,6.2,12.6,49.6,46.5,3.1,,,,,,,,,,,,,,,
CJ McCollum,POR,29,G,46,46,100.0%,6.2,13.2,47.0,45.1,1.9,,,,,,,,,,,,,,,
Mikal Bridges,PHX,24,F,69,69,100.0%,6.2,12.5,49.6,46.8,2.8,,,,,,,,,,,,,,,
Bam Adebayo,MIA,23,C-F,62,62,100.0%,6.2,13.8,44.9,48.1,-3.3,,,,,,,,,,,,,,,
Marvin Bagley III,SAC,22,F,42,42,100.0%,6.2,11.9,51.8,47.6,4.2,,,,,,,,,,,,,,,
Dillon Brooks,MEM,25,G-F,67,67,100.0%,6.2,13.0,47.4,46.0,1.4,,,,,,,,,,,,,,,
Caris LeVert,IND,26,G,47,47,100.0%,6.1,12.9,47.2,46.3,0.9,,,,,,,,,,,,,,,
Jrue Holiday,MIL,31,G,58,58,100.0%,6.1,13.2,46.0,46.7,-0.7,,,,,,,,,,,,,,,
Malcolm Brogdon,IND,28,G,55,55,100.0%,6.1,12.6,48.2,46.8,1.4,,,,,,,,,,,,,,,
Eric Bledsoe,NOP,31,G,69,69,100.0%,6.1,12.4,49.2,45.8,3.4,,,,,,,,,,,,,,,
DeAndre Jordan,BKN,32,C,57,57,100.0%,6.1,13.4,45.2,49.4,-4.2,,,,,,,,,,,,,,,
Kyle Lowry,TOR,35,G,46,46,100.0%,6.1,13.2,46.0,45.8,0.2,,,,,,,,,,,,,,,
Bradley Beal,WAS,28,G,59,59,100.0%,6.1,12.7,47.9,46.5,1.4,,,,,,,,,,,,,,,
Victor Oladipo,MIA,29,G,31,31,100.0%,6.1,13.3,45.5,46.1,-0.6,,,,,,,,,,,,,,,
Lonzo Ball,NOP,23,G,53,53,100.0%,6.0,12.7,47.3,45.8,1.6,,,,,,,,,,,,,,,
Maxi Kleber,DAL,29,F,50,50,100.0%,6.0,13.4,44.8,47.7,-2.9,,,,,,,,,,,,,,,
Cam Reddish,ATL,21,F-G,26,26,100.0%,6.0,11.8,51.0,46.4,4.6,,,,,,,,,,,,,,,
Elijah Bryant,MIL,26,G,1,1,100.0%,6.0,9.0,66.7,48.6,18.0,,,,,,,,,,,,,,,
Robin Lopez,WAS,33,C,70,70,100.0%,6.0,12.4,48.0,49.1,-1.1,,,,,,,,,,,,,,,
RJ Barrett,NYK,21,F-G,71,71,100.0%,6.0,13.9,43.0,45.7,-2.7,,,,,,,,,,,,,,,
Luka Doncic,DAL,22,F-G,66,66,100.0%,5.9,13.1,45.3,45.8,-0.5,,,,,,,,,,,,,,,
Chris Boucher,TOR,28,F-C,60,60,100.0%,5.9,13.3,44.6,47.4,-2.8,,,,,,,,,,,,,,,
Paul George,LAC,31,F,54,54,100.0%,5.9,12.8,46.2,46.7,-0.6,,,,,,,,,,,,,,,
Evan Fournier,BOS,28,G-F,41,41,100.0%,5.9,12.5,47.6,46.4,1.1,,,,,,,,,,,,,,,
Darius Garland,CLE,21,G,54,54,100.0%,5.9,12.1,48.9,44.8,4.1,,,,,,,,,,,,,,,
Khris Middleton,MIL,29,F,67,67,100.0%,5.9,12.4,47.5,46.1,1.4,,,,,,,,,,,,,,,
Dejounte Murray,SAS,24,G,67,67,100.0%,5.9,11.5,51.2,46.6,4.6,,,,,,,,,,,,,,,
Danny Green,PHI,34,G,69,69,100.0%,5.9,13.1,44.7,46.0,-1.3,,,,,,,,,,,,,,,
Isaiah Stewart,DET,20,F-C,68,68,100.0%,5.8,13.1,44.7,48.4,-3.7,,,,,,,,,,,,,,,
Devin Booker,PHX,24,G,65,65,100.0%,5.8,12.6,46.5,46.2,0.3,,,,,,,,,,,,,,,
Tobias Harris,PHI,28,F,62,62,100.0%,5.8,12.1,48.3,46.4,2.0,,,,,,,,,,,,,,,
Justin Patton,HOU,24,C,13,13,100.0%,5.8,10.8,54.3,48.6,5.7,,,,,,,,,,,,,,,
Bogdan Bogdanovic,ATL,28,G,44,44,100.0%,5.8,12.8,45.6,45.5,0.1,,,,,,,,,,,,,,,
Blake Griffin,BKN,32,F,46,46,100.0%,5.8,12.3,47.4,48.6,-1.2,,,,,,,,,,,,,,,
James Harden,BKN,31,G,44,44,100.0%,5.8,12.5,46.3,46.8,-0.5,,,,,,,,,,,,,,,
Khyri Thomas,HOU,25,G,5,5,100.0%,5.8,12.4,46.8,44.5,2.3,,,,,,,,,,,,,,,
Willy Hernangomez,NOP,27,C-F,44,44,100.0%,5.8,11.0,52.8,49.5,3.3,,,,,,,,,,,,,,,
Coby White,CHI,21,G,69,69,100.0%,5.8,11.6,50.1,45.8,4.3,,,,,,,,,,,,,,,
Luguentz Dort,OKC,22,G,51,51,100.0%,5.8,12.6,45.7,46.4,-0.7,,,,,,,,,,,,,,,
Tristan Thompson,BOS,30,C-F,54,54,100.0%,5.7,11.7,48.9,48.5,0.4,,,,,,,,,,,,,,,
Jeff Green,BKN,34,F,68,68,100.0%,5.7,11.8,48.3,47.1,1.2,,,,,,,,,,,,,,,
Miles Bridges,CHA,23,F,65,65,100.0%,5.7,12.6,45.2,47.0,-1.8,,,,,,,,,,,,,,,
Larry Nance Jr.,CLE,28,F-C,35,35,100.0%,5.7,11.9,48.0,47.7,0.2,,,,,,,,,,,,,,,
Keldon Johnson,SAS,21,F-G,69,69,100.0%,5.7,11.6,49.2,47.0,2.1,,,,,,,,,,,,,,,
Aleksej Pokusevski,OKC,19,C,44,44,100.0%,5.7,11.4,49.7,45.7,4.0,,,,,,,,,,,,,,,
Cole Anthony,ORL,21,G,45,45,100.0%,5.6,10.9,51.7,45.3,6.5,,,,,,,,,,,,,,,
Rui Hachimura,WAS,23,F,56,56,100.0%,5.6,12.3,45.7,47.4,-1.7,,,,,,,,,,,,,,,
James Wiseman,GSW,20,C,38,38,100.0%,5.6,12.0,46.9,49.3,-2.4,,,,,,,,,,,,,,,
Damian Lillard,POR,30,G,64,64,100.0%,5.6,11.9,47.1,45.4,1.6,,,,,,,,,,,,,,,
Duncan Robinson,MIA,27,F,70,70,100.0%,5.6,11.6,48.4,45.9,2.5,,,,,,,,,,,,,,,
Harrison Barnes,SAC,29,F,56,56,100.0%,5.6,11.5,48.7,48.1,0.6,,,,,,,,,,,,,,,
Naz Reid,MIN,21,C-F,69,69,100.0%,5.6,11.4,49.2,48.5,0.6,,,,,,,,,,,,,,,
Zach LaVine,CHI,26,G-F,58,58,100.0%,5.6,12.5,44.7,45.7,-1.0,,,,,,,,,,,,,,,
Jamal Murray,DEN,24,G,47,47,100.0%,5.6,12.4,45.1,46.7,-1.5,,,,,,,,,,,,,,,
Mitchell Robinson,NYK,23,C-F,30,30,100.0%,5.6,12.1,46.4,49.7,-3.3,,,,,,,,,,,,,,,
Kendrick Nunn,MIA,25,G,54,54,100.0%,5.6,11.8,47.2,45.5,1.7,,,,,,,,,,,,,,,
Sterling Brown,HOU,26,G-F,51,51,100.0%,5.6,11.0,50.9,46.1,4.8,,,,,,,,,,,,,,,
Isaiah Roby,OKC,23,F,60,60,100.0%,5.6,10.8,51.7,48.3,3.4,,,,,,,,,,,,,,,
Kevin Love,CLE,32,F-C,24,24,100.0%,5.6,10.7,52.3,47.8,4.6,,,,,,,,,,,,,,,
Collin Sexton,CLE,22,G,60,60,100.0%,5.6,11.4,48.6,45.5,3.2,,,,,,,,,,,,,,,
Lauri Markkanen,CHI,24,F-C,50,50,100.0%,5.6,11.6,48.1,46.7,1.4,,,,,,,,,,,,,,,
Jaylen Brown,BOS,24,G-F,58,58,100.0%,5.5,12.3,44.9,46.4,-1.4,,,,,,,,,,,,,,,
Justin Holiday,IND,32,F-G,71,71,100.0%,5.5,12.6,43.6,46.5,-3.0,,,,,,,,,,,,,,,
Anthony Edwards,MIN,19,G,71,71,100.0%,5.5,11.3,48.5,45.6,2.9,,,,,,,,,,,,,,,
Michael Porter Jr.,DEN,23,F,60,60,100.0%,5.5,11.6,46.9,47.0,-0.1,,,,,,,,,,,,,,,
Tyrese Haliburton,SAC,21,G,56,56,100.0%,5.5,10.7,51.0,45.3,5.7,,,,,,,,,,,,,,,
Ja Morant,MEM,21,G,63,63,100.0%,5.4,11.1,49.1,46.2,2.9,,,,,,,,,,,,,,,
Cody Zeller,CHA,28,F-C,47,47,100.0%,5.4,11.3,47.9,48.8,-0.8,,,,,,,,,,,,,,,
John Wall,HOU,30,G,40,40,100.0%,5.4,11.4,47.3,46.3,0.9,,,,,,,,,,,,,,,
Marc Gasol,LAL,36,C,52,52,100.0%,5.4,11.2,47.9,48.8,-0.8,,,,,,,,,,,,,,,
Kevon Looney,GSW,25,F,60,60,100.0%,5.4,11.1,48.6,48.5,0.1,,,,,,,,,,,,,,,
Thaddeus Young,CHI,33,F,68,68,100.0%,5.3,11.0,48.9,47.6,1.3,,,,,,,,,,,,,,,
Montrezl Harrell,LAL,27,F-C,68,68,100.0%,5.3,11.3,47.3,48.3,-1.0,,,,,,,,,,,,,,,
Nerlens Noel,NYK,27,C-F,63,63,100.0%,5.3,11.4,46.9,49.3,-2.4,,,,,,,,,,,,,,,
Kelly Oubre Jr.,GSW,25,F-G,54,54,100.0%,5.3,11.9,44.6,47.1,-2.5,,,,,,,,,,,,,,,
D'Angelo Russell,MIN,25,G,41,41,100.0%,5.3,11.1,47.8,45.8,2.0,,,,,,,,,,,,,,,
Kyrie Irving,BKN,29,G,54,54,100.0%,5.3,11.3,46.5,46.0,0.5,,,,,,,,,,,,,,,
Jimmy Butler,MIA,31,F,50,50,100.0%,5.3,11.9,44.1,46.3,-2.2,,,,,,,,,,,,,,,
Trevor Ariza,MIA,36,F,28,28,100.0%,5.3,12.0,43.9,46.4,-2.5,,,,,,,,,,,,,,,
Kawhi Leonard,LAC,30,F,52,52,100.0%,5.3,10.7,49.0,47.0,2.0,,,,,,,,,,,,,,,
Bobby Portis,MIL,26,F,65,65,100.0%,5.2,11.1,47.0,47.8,-0.9,,,,,,,,,,,,,,,
Russell Westbrook,WAS,32,G,64,64,100.0%,5.2,11.3,46.3,46.5,-0.3,,,,,,,,,,,,,,,
Trae Young,ATL,22,G,63,63,100.0%,5.2,10.7,48.7,45.3,3.3,,,,,,,,,,,,,,,
Khem Birch,TOR,28,C,66,66,100.0%,5.2,11.3,46.3,47.6,-1.3,,,,,,,,,,,,,,,
Will Barton,DEN,30,G,54,54,100.0%,5.2,10.3,50.2,46.3,3.9,,,,,,,,,,,,,,,
Derrick Favors,UTA,29,F,68,68,100.0%,5.2,10.4,49.7,49.2,0.5,,,,,,,,,,,,,,,
Deni Avdija,WAS,20,F,53,53,100.0%,5.2,10.7,48.2,47.0,1.3,,,,,,,,,,,,,,,
Tyler Herro,MIA,21,G,52,52,100.0%,5.2,11.3,45.7,45.1,0.5,,,,,,,,,,,,,,,
Donte DiVincenzo,MIL,24,G,65,65,100.0%,5.1,10.9,47.2,46.1,1.1,,,,,,,,,,,,,,,
Devonte' Graham,CHA,26,G,54,54,100.0%,5.1,11.1,46.2,45.7,0.6,,,,,,,,,,,,,,,
Reggie Bullock,NYK,30,G-F,64,64,100.0%,5.1,10.9,46.8,46.2,0.6,,,,,,,,,,,,,,,
Kevin Huerter,ATL,22,G-F,69,69,100.0%,5.1,11.6,44.3,45.6,-1.3,,,,,,,,,,,,,,,
Giannis Antetokounmpo,MIL,26,F,59,59,100.0%,5.1,11.5,44.5,47.3,-2.8,,,,,,,,,,,,,,,
Kevin Durant,BKN,32,F,35,35,100.0%,5.1,11.9,43.0,47.0,-3.9,,,,,,,,,,,,,,,
OG Anunoby,TOR,23,F,43,43,100.0%,5.1,11.7,43.3,47.3,-3.9,,,,,,,,,,,,,,,
Jae'Sean Tate,HOU,25,F,70,70,100.0%,5.0,10.8,46.5,46.9,-0.3,,,,,,,,,,,,,,,
Dorian Finney-Smith,DAL,28,F,60,60,100.0%,5.0,11.6,43.5,46.1,-2.7,,,,,,,,,,,,,,,
Patrick Williams,CHI,19,F,71,71,100.0%,5.0,10.1,49.7,47.4,2.4,,,,,,,,,,,,,,,
Danilo Gallinari,ATL,32,F,51,51,100.0%,5.0,10.3,48.5,46.8,1.7,,,,,,,,,,,,,,,
Garrett Temple,CHI,35,G-F,56,56,100.0%,5.0,11.2,44.5,45.7,-1.1,,,,,,,,,,,,,,,
Chris Paul,PHX,36,G,68,68,100.0%,5.0,9.9,50.4,45.5,4.9,,,,,,,,,,,,,,,
Malik Beasley,MIN,24,G,36,36,100.0%,5.0,9.6,51.7,45.8,5.9,,,,,,,,,,,,,,,
P.J. Tucker,MIL,36,F,52,52,100.0%,5.0,10.1,49.3,47.5,1.9,,,,,,,,,,,,,,,
Juan Toscano-Anderson,GSW,28,F,51,51,100.0%,4.9,10.3,48.0,46.8,1.2,,,,,,,,,,,,,,,
Jeremy Lamb,IND,29,G-F,36,36,100.0%,4.9,10.1,49.0,46.4,2.7,,,,,,,,,,,,,,,
Ben Simmons,PHI,24,G-F,58,58,100.0%,4.9,11.8,41.7,46.2,-4.5,,,,,,,,,,,,,,,
Nicolas Batum,LAC,32,G-F,67,67,100.0%,4.9,10.4,47.1,47.1,0.1,,,,,,,,,,,,,,,
Kyle Anderson,MEM,27,F-G,69,69,100.0%,4.9,10.9,45.0,46.2,-1.2,,,,,,,,,,,,,,,
Elfrid Payton,NYK,27,G,61,61,100.0%,4.9,10.7,45.6,45.6,-0.1,,,,,,,,,,,,,,,
De'Andre Hunter,ATL,23,F-G,23,23,100.0%,4.9,12.3,39.4,46.5,-7.1,,,,,,,,,,,,,,,
Josh Jackson,DET,24,G-F,62,62,100.0%,4.9,9.9,49.2,45.8,3.4,,,,,,,,,,,,,,,
Jaden McDaniels,MIN,20,F,61,61,100.0%,4.8,10.6,46.0,46.8,-0.9,,,,,,,,,,,,,,,
Bismack Biyombo,CHA,28,C,64,64,100.0%,4.8,10.7,45.3,47.7,-2.5,,,,,,,,,,,,,,,
Joe Harris,BKN,29,G-F,69,69,100.0%,4.8,10.4,46.4,45.6,0.8,,,,,,,,,,,,,,,
Delon Wright,SAC,29,G,61,61,100.0%,4.8,9.9,48.8,46.7,2.2,,,,,,,,,,,,,,,
Jerami Grant,DET,27,F,54,54,100.0%,4.8,10.2,47.1,47.6,-0.6,,,,,,,,,,,,,,,
Pat Connaughton,MIL,28,G,68,68,100.0%,4.8,10.3,46.2,45.5,0.7,,,,,,,,,,,,,,,
David Nwaba,HOU,28,G-F,30,30,100.0%,4.8,10.0,47.8,45.9,1.9,,,,,,,,,,,,,,,
Anthony Lamb,HOU,23,F,22,22,100.0%,4.8,8.6,55.9,46.5,9.3,,,,,,,,,,,,,,,
Freddie Gillespie,TOR,24,F,20,20,100.0%,4.8,9.4,50.3,48.3,1.9,,,,,,,,,,,,,,,
T.J. Warren,IND,27,F,4,4,100.0%,4.8,7.8,61.3,47.9,13.4,,,,,,,,,,,,,,,
Tim Hardaway Jr.,DAL,29,G-F,70,70,100.0%,4.7,10.4,45.4,45.4,0.0,,,,,,,,,,,,,,,
Chuma Okeke,ORL,22,F,44,44,100.0%,4.7,10.0,47.4,45.8,1.6,,,,,,,,,,,,,,,
DeMarcus Cousins,LAC,30,C,41,41,100.0%,4.7,9.8,48.0,48.5,-0.5,,,,,,,,,,,,,,,
Donovan Mitchell,UTA,24,G,53,53,100.0%,4.7,9.7,48.8,45.5,3.3,,,,,,,,,,,,,,,
Dakota Mathias,PHI,25,G,7,7,100.0%,4.7,10.0,47.1,45.1,2.1,,,,,,,,,,,,,,,
LaMelo Ball,CHA,19,G,50,50,100.0%,4.7,10.0,47.1,45.5,1.6,,,,,,,,,,,,,,,
Jayson Tatum,BOS,23,F-G,64,64,100.0%,4.7,9.9,47.6,46.3,1.3,,,,,,,,,,,,,,,
Mike Conley,UTA,33,G,51,51,100.0%,4.7,10.8,43.6,44.9,-1.3,,,,,,,,,,,,,,,
Killian Hayes,DET,19,G,26,26,100.0%,4.7,10.1,46.6,44.7,1.9,,,,,,,,,,,,,,,
Brandon Ingram,NOP,23,F,59,59,100.0%,4.7,9.8,47.7,46.0,1.6,,,,,,,,,,,,,,,
Aaron Gordon,DEN,25,F,49,49,100.0%,4.7,10.1,45.9,47.1,-1.2,,,,,,,,,,,,,,,
Paul Millsap,DEN,36,F,55,55,100.0%,4.7,9.4,49.2,47.4,1.8,,,,,,,,,,,,,,,
Dwayne Bacon,ORL,25,G-F,70,70,100.0%,4.6,10.0,46.2,46.0,0.3,,,,,,,,,,,,,,,
Gordon Hayward,CHA,31,F,43,43,100.0%,4.6,10.2,45.4,47.0,-1.5,,,,,,,,,,,,,,,
Mike Muscala,OKC,29,F-C,34,34,100.0%,4.6,10.7,43.3,47.9,-4.6,,,,,,,,,,,,,,,
Xavier Tillman,MEM,22,F,59,59,100.0%,4.6,10.1,45.9,48.4,-2.6,,,,,,,,,,,,,,,
Cory Joseph,DET,29,G,61,61,100.0%,4.6,9.7,47.5,45.9,1.6,,,,,,,,,,,,,,,
Landry Shamet,BKN,24,G,61,61,100.0%,4.6,8.8,52.3,45.8,6.5,,,,,,,,,,,,,,,
Aron Baynes,TOR,34,C-F,52,52,100.0%,4.6,10.0,45.9,49.1,-3.2,,,,,,,,,,,,,,,
Robert Williams III,BOS,23,C-F,52,52,100.0%,4.6,9.9,46.3,48.3,-2.0,,,,,,,,,,,,,,,
Bruce Brown,BKN,24,G-F,65,65,100.0%,4.6,9.8,46.8,46.4,0.4,,,,,,,,,,,,,,,
Naji Marshall,NOP,23,F,27,27,100.0%,4.6,9.6,47.5,46.1,1.4,,,,,,,,,,,,,,,
Jalen McDaniels,CHA,23,F-C,44,44,100.0%,4.5,9.4,47.8,45.6,2.2,,,,,,,,,,,,,,,
Brandon Clarke,MEM,24,F,59,59,100.0%,4.5,9.4,47.9,47.7,0.3,,,,,,,,,,,,,,,
Gabriel Deck,OKC,26,F,10,10,100.0%,4.5,8.4,53.6,49.9,3.6,,,,,,,,,,,,,,,
Terrence Ross,ORL,30,G-F,45,45,100.0%,4.5,9.7,45.9,45.6,0.3,,,,,,,,,,,,,,,
Frank Kaminsky,PHX,28,F-C,46,46,100.0%,4.5,9.0,49.3,48.1,1.2,,,,,,,,,,,,,,,
Michael Carter-Williams,ORL,29,G,31,31,100.0%,4.5,10.4,42.7,46.8,-4.0,,,,,,,,,,,,,,,
Hassan Whiteside,SAC,32,C,33,33,100.0%,4.5,9.6,46.4,49.2,-2.8,,,,,,,,,,,,,,,
Marcus Smart,BOS,27,G,48,48,100.0%,4.4,10.3,42.7,46.2,-3.4,,,,,,,,,,,,,,,
T.J. McConnell,IND,29,G,68,68,100.0%,4.4,9.3,47.6,45.0,2.6,,,,,,,,,,,,,,,
Willie Cauley-Stein,DAL,27,C,53,53,100.0%,4.4,9.5,46.3,48.4,-2.1,,,,,,,,,,,,,,,
Dante Exum,HOU,25,G,5,5,100.0%,4.4,9.4,46.8,47.0,-0.2,,,,,,,,,,,,,,,
Daniel Gafford,WAS,22,F-C,52,52,100.0%,4.4,9.0,49.1,48.8,0.3,,,,,,,,,,,,,,,
Ed Davis,MIN,32,C-F,20,20,100.0%,4.4,8.6,51.2,49.2,1.9,,,,,,,,,,,,,,,
Seth Curry,PHI,30,G,57,57,100.0%,4.4,9.2,47.7,44.8,2.9,,,,,,,,,,,,,,,
Davis Bertans,WAS,28,F,56,56,100.0%,4.4,9.8,44.5,45.7,-1.1,,,,,,,,,,,,,,,
Markelle Fultz,ORL,23,G,8,8,100.0%,4.4,8.3,53.0,45.7,7.3,,,,,,,,,,,,,,,
Raul Neto,WAS,29,G,63,63,100.0%,4.4,9.0,48.7,45.6,3.1,,,,,,,,,,,,,,,
Gorgui Dieng,SAS,31,C,38,38,100.0%,4.4,8.1,53.7,48.2,5.5,,,,,,,,,,,,,,,
Mo Bamba,ORL,23,C,43,43,100.0%,4.3,9.3,47.0,48.6,-1.7,,,,,,,,,,,,,,,
Nic Claxton,BKN,22,F-C,32,32,100.0%,4.3,10.8,40.4,46.2,-5.8,,,,,,,,,,,,,,,
Ricky Rubio,MIN,30,G,67,67,100.0%,4.3,9.1,47.9,45.6,2.2,,,,,,,,,,,,,,,
Bojan Bogdanovic,UTA,32,F,72,72,100.0%,4.3,9.7,44.8,46.8,-2.0,,,,,,,,,,,,,,,
Jarred Vanderbilt,MIN,22,F,63,63,100.0%,4.3,9.5,45.7,48.1,-2.5,,,,,,,,,,,,,,,
Dario Saric,PHX,27,F-C,47,47,100.0%,4.3,9.5,45.5,47.0,-1.5,,,,,,,,,,,,,,,
Gary Harris,ORL,26,G,38,38,100.0%,4.3,9.3,46.5,46.1,0.4,,,,,,,,,,,,,,,
Reggie Jackson,LAC,31,G,66,66,100.0%,4.3,9.2,46.7,45.4,1.3,,,,,,,,,,,,,,,
Kentavious Caldwell-Pope,LAL,28,G,67,67,100.0%,4.3,9.0,47.8,46.4,1.3,,,,,,,,,,,,,,,
Josh Okogie,MIN,22,G,58,58,100.0%,4.3,8.8,49.2,47.2,2.0,,,,,,,,,,,,,,,
Taj Gibson,NYK,36,F,44,44,100.0%,4.3,9.6,44.6,48.7,-4.1,,,,,,,,,,,,,,,
Alex Len,WAS,28,C,63,63,100.0%,4.3,9.1,47.5,49.9,-2.4,,,,,,,,,,,,,,,
Jae Crowder,PHX,30,F,58,58,100.0%,4.3,10.1,42.4,46.6,-4.2,,,,,,,,,,,,,,,
Kyle Kuzma,LAL,25,F,68,68,100.0%,4.3,9.3,46.0,46.4,-0.4,,,,,,,,,,,,,,,
Josh Richardson,DAL,27,G,59,59,100.0%,4.3,9.2,46.3,45.9,0.4,,,,,,,,,,,,,,,
Theo Maledon,OKC,20,G,64,64,100.0%,4.3,8.8,48.7,45.3,3.3,,,,,,,,,,,,,,,
Norman Powell,POR,28,G,69,69,100.0%,4.3,9.3,45.7,46.1,-0.4,,,,,,,,,,,,,,,
Armoni Brooks,HOU,23,G,19,19,100.0%,4.3,8.2,51.9,45.8,6.1,,,,,,,,,,,,,,,
Gary Trent Jr.,TOR,22,G-F,54,54,100.0%,4.2,8.9,47.7,45.8,1.9,,,,,,,,,,,,,,,
Taurean Prince,CLE,27,F,41,41,100.0%,4.2,8.7,48.6,46.8,1.8,,,,,,,,,,,,,,,
Maurice Harkless,SAC,28,F-G,35,35,100.0%,4.2,9.2,46.1,45.9,0.2,,,,,,,,,,,,,,,
Derrick Jones Jr.,POR,24,F,56,56,100.0%,4.2,9.0,46.9,46.9,0.0,,,,,,,,,,,,,,,
Chimezie Metu,SAC,24,F-C,33,33,100.0%,4.2,8.0,52.5,46.5,5.9,,,,,,,,,,,,,,,
Ignas Brazdeikis,ORL,22,F,10,10,100.0%,4.2,9.0,46.7,45.4,1.3,,,,,,,,,,,,,,,
Lonnie Walker IV,SAS,22,G-F,60,60,100.0%,4.2,8.4,49.8,45.7,4.1,,,,,,,,,,,,,,,
Moritz Wagner,ORL,24,F-C,43,43,100.0%,4.2,9.3,44.8,47.5,-2.7,,,,,,,,,,,,,,,
Terance Mann,LAC,24,G-F,62,62,100.0%,4.2,8.7,48.1,45.8,2.3,,,,,,,,,,,,,,,
DeMar DeRozan,SAS,31,G-F,61,61,100.0%,4.2,8.3,49.9,46.3,3.7,,,,,,,,,,,,,,,
Saddiq Bey,DET,22,F,70,70,100.0%,4.1,8.4,49.1,46.9,2.2,,,,,,,,,,,,,,,
Grayson Allen,MEM,25,G,50,50,100.0%,4.1,9.0,45.9,45.7,0.2,,,,,,,,,,,,,,,
Ty Jerome,OKC,23,G-F,33,33,100.0%,4.1,8.2,50.4,44.8,5.6,,,,,,,,,,,,,,,
Avery Bradley,HOU,30,G,27,27,100.0%,4.1,8.2,50.5,46.8,3.7,,,,,,,,,,,,,,,
Tony Bradley,OKC,23,C-F,40,40,100.0%,4.1,9.2,44.5,49.1,-4.6,,,,,,,,,,,,,,,
Derrick Rose,NYK,32,G,50,50,100.0%,4.0,9.4,43.0,45.3,-2.3,,,,,,,,,,,,,,,
Marcus Morris Sr.,LAC,31,F,57,57,100.0%,4.0,8.3,48.9,46.7,2.2,,,,,,,,,,,,,,,
Henry Ellenson,TOR,24,F-C,2,2,100.0%,4.0,9.5,42.1,46.9,-4.8,,,,,,,,,,,,,,,
Didi Louzada,NOP,21,G,3,3,100.0%,4.0,9.3,42.9,41.3,1.5,,,,,,,,,,,,,,,
Marquese Chriss,GSW,23,F,2,2,100.0%,4.0,9.0,44.4,50.0,-5.5,,,,,,,,,,,,,,,
Luke Kornet,BOS,25,F-C,29,29,100.0%,4.0,8.7,45.8,47.8,-2.0,,,,,,,,,,,,,,,
Chasson Randle,ORL,28,G,38,38,100.0%,4.0,8.4,47.4,44.9,2.5,,,,,,,,,,,,,,,
Nickeil Alexander-Walker,NOP,22,G,44,44,100.0%,4.0,8.3,48.2,45.8,2.4,,,,,,,,,,,,,,,
Jay Scrubb,LAC,20,G,4,4,100.0%,4.0,7.5,53.3,43.0,10.3,,,,,,,,,,,,,,,
Anzejs Pasecniks,WAS,25,C-F,1,1,100.0%,4.0,6.0,66.7,46.9,19.7,,,,,,,,,,,,,,,
Goran Dragic,MIA,35,G,49,49,100.0%,4.0,8.2,48.6,45.2,3.4,,,,,,,,,,,,,,,
Doug McDermott,IND,29,F,65,65,100.0%,4.0,8.4,47.4,46.7,0.8,,,,,,,,,,,,,,,
LeBron James,LAL,36,F,44,44,100.0%,4.0,9.9,39.8,46.1,-6.3,,,,,,,,,,,,,,,
Dwight Powell,DAL,29,F-C,57,57,100.0%,4.0,8.7,45.5,48.1,-2.7,,,,,,,,,,,,,,,
Facundo Campazzo,DEN,30,G,63,63,100.0%,3.9,8.8,44.9,45.2,-0.3,,,,,,,,,,,,,,,
Hamidou Diallo,DET,22,G,51,51,100.0%,3.9,8.7,45.4,45.2,0.1,,,,,,,,,,,,,,,
Kenrich Williams,OKC,26,G-F,63,63,100.0%,3.9,8.5,46.2,46.0,0.2,,,,,,,,,,,,,,,
Donta Hall,ORL,23,C,11,11,100.0%,3.9,9.1,43.0,47.5,-4.5,,,,,,,,,,,,,,,
Dwight Howard,PHI,35,C-F,69,69,100.0%,3.9,8.5,46.2,49.4,-3.3,,,,,,,,,,,,,,,
Tony Snell,ATL,29,G,46,46,100.0%,3.9,8.1,47.6,46.3,1.3,,,,,,,,,,,,,,,
Rudy Gay,SAS,34,F-G,63,63,100.0%,3.8,8.9,43.3,46.3,-3.0,,,,,,,,,,,,,,,
Kent Bazemore,GSW,31,G-F,66,66,100.0%,3.8,9.0,42.5,45.9,-3.4,,,,,,,,,,,,,,,
Solomon Hill,ATL,30,F,71,71,100.0%,3.8,8.3,45.9,46.6,-0.7,,,,,,,,,,,,,,,
Patty Mills,SAS,32,G,67,67,100.0%,3.8,8.0,47.6,45.2,2.4,,,,,,,,,,,,,,,
Justise Winslow,MEM,25,F-G,26,26,100.0%,3.8,8.1,46.9,46.1,0.8,,,,,,,,,,,,,,,
Jordan Bell,GSW,26,F,5,5,100.0%,3.8,8.4,45.2,48.2,-3.0,,,,,,,,,,,,,,,
Dean Wade,CLE,24,F-C,60,60,100.0%,3.8,7.9,48.1,47.3,0.8,,,,,,,,,,,,,,,
Cameron Johnson,PHX,25,F,59,59,100.0%,3.8,7.9,47.9,45.6,2.2,,,,,,,,,,,,,,,
James Ennis III,ORL,30,F,40,40,100.0%,3.8,8.4,44.5,46.1,-1.6,,,,,,,,,,,,,,,
Jordan Clarkson,UTA,29,G,68,68,100.0%,3.8,8.2,45.5,45.2,0.3,,,,,,,,,,,,,,,
Svi Mykhailiuk,OKC,24,G-F,63,63,100.0%,3.8,7.7,48.6,45.4,3.2,,,,,,,,,,,,,,,
Ish Smith,WAS,32,G,42,42,100.0%,3.7,8.0,46.9,45.8,1.1,,,,,,,,,,,,,,,
Precious Achiuwa,MIA,21,F,55,55,100.0%,3.7,7.8,47.5,48.5,-1.1,,,,,,,,,,,,,,,
Monte Morris,DEN,26,G,47,47,100.0%,3.7,8.7,42.6,45.7,-3.1,,,,,,,,,,,,,,,
Stephen Curry,GSW,33,G,62,62,100.0%,3.7,8.2,45.5,45.3,0.3,,,,,,,,,,,,,,,
Eric Paschall,GSW,24,F,40,40,100.0%,3.7,8.1,45.8,47.0,-1.2,,,,,,,,,,,,,,,
Jahlil Okafor,DET,25,C-F,26,26,100.0%,3.7,7.5,49.2,48.4,0.8,,,,,,,,,,,,,,,
Jerome Robinson,WAS,24,G,16,16,100.0%,3.7,7.4,49.6,45.7,3.9,,,,,,,,,,,,,,,
De'Anthony Melton,MEM,23,G,51,51,100.0%,3.7,8.3,44.4,45.4,-1.0,,,,,,,,,,,,,,,
Carmelo Anthony,POR,37,F,66,66,100.0%,3.7,8.0,46.0,46.2,-0.2,,,,,,,,,,,,,,,
Matthew Dellavedova,CLE,30,G,12,12,100.0%,3.7,6.8,54.3,46.8,7.6,,,,,,,,,,,,,,,
Drew Eubanks,SAS,24,F-C,53,53,100.0%,3.6,8.1,45.2,48.3,-3.1,,,,,,,,,,,,,,,
Aaron Holiday,IND,24,G,64,64,100.0%,3.6,7.8,46.7,45.2,1.5,,,,,,,,,,,,,,,
Malachi Flynn,TOR,23,G,45,45,100.0%,3.6,8.2,43.9,45.8,-1.9,,,,,,,,,,,,,,,
Jalen Brunson,DAL,24,G,68,68,100.0%,3.6,7.8,46.3,45.0,1.3,,,,,,,,,,,,,,,
Danuel House Jr.,HOU,28,F-G,36,36,100.0%,3.6,8.4,43.0,46.4,-3.3,,,,,,,,,,,,,,,
Wayne Ellington,DET,33,G,45,45,100.0%,3.6,7.6,47.4,45.4,1.9,,,,,,,,,,,,,,,
James Johnson,NOP,34,F,51,51,100.0%,3.6,8.1,44.5,46.3,-1.8,,,,,,,,,,,,,,,
Cedi Osman,CLE,26,F,59,59,100.0%,3.6,7.4,48.4,45.4,3.0,,,,,,,,,,,,,,,
Talen Horton-Tucker,LAL,20,G,65,65,100.0%,3.6,8.1,44.2,45.8,-1.6,,,,,,,,,,,,,,,
Dennis Smith Jr.,DET,23,G,23,23,100.0%,3.6,8.3,42.9,46.3,-3.4,,,,,,,,,,,,,,,
Damion Lee,GSW,28,G-F,56,56,100.0%,3.5,7.5,47.3,46.1,1.2,,,,,,,,,,,,,,,
Andre Iguodala,MIA,37,G-F,61,61,100.0%,3.5,8.1,43.9,46.1,-2.2,,,,,,,,,,,,,,,
Luke Kennard,LAC,25,G,59,59,100.0%,3.5,7.0,50.7,44.9,5.9,,,,,,,,,,,,,,,
Shake Milton,PHI,24,G-F,63,63,100.0%,3.5,7.8,45.3,44.9,0.4,,,,,,,,,,,,,,,
R.J. Hampton,ORL,20,G,45,45,100.0%,3.5,7.0,50.0,45.3,4.7,,,,,,,,,,,,,,,
Markieff Morris,LAL,31,F,60,60,100.0%,3.5,7.5,46.4,47.4,-1.1,,,,,,,,,,,,,,,
Jaxson Hayes,NOP,21,C-F,56,56,100.0%,3.5,7.6,45.6,47.9,-2.3,,,,,,,,,,,,,,,
Timothe Luwawu-Cabarrot,BKN,26,G-F,57,57,100.0%,3.5,7.2,48.4,45.3,3.1,,,,,,,,,,,,,,,
Payton Pritchard,BOS,23,G,66,66,100.0%,3.5,6.6,52.9,45.4,7.4,,,,,,,,,,,,,,,
Caleb Martin,CHA,25,F,50,50,100.0%,3.5,7.4,46.6,45.1,1.6,,,,,,,,,,,,,,,
Nemanja Bjelica,MIA,33,F,35,35,100.0%,3.5,7.3,47.3,47.2,0.1,,,,,,,,,,,,,,,
George Hill,PHI,35,G,29,29,100.0%,3.5,8.1,42.6,45.1,-2.6,,,,,,,,,,,,,,,
Goga Bitadze,IND,21,C-F,44,44,100.0%,3.5,7.4,46.5,48.3,-1.8,,,,,,,,,,,,,,,
Tomas Satoransky,CHI,29,G,58,58,100.0%,3.5,7.4,46.5,45.3,1.2,,,,,,,,,,,,,,,
Matisse Thybulle,PHI,24,G-F,64,64,100.0%,3.4,8.2,41.9,44.9,-3.0,,,,,,,,,,,,,,,
Gary Clark,PHI,26,F,36,36,100.0%,3.4,7.3,47.1,45.7,1.5,,,,,,,,,,,,,,,
JaKarr Sampson,IND,28,F,25,25,100.0%,3.4,7.2,48.0,47.8,0.3,,,,,,,,,,,,,,,
Jaylen Hoard,OKC,22,F,18,18,100.0%,3.4,6.9,50.0,46.0,4.0,,,,,,,,,,,,,,,
P.J. Dozier,DEN,24,G-F,49,49,100.0%,3.4,7.6,44.9,45.8,-0.9,,,,,,,,,,,,,,,
Cody Martin,CHA,25,F,49,49,100.0%,3.4,7.5,45.8,45.7,0.0,,,,,,,,,,,,,,,
Damian Jones,SAC,26,C,35,35,100.0%,3.4,7.1,48.4,47.8,0.6,,,,,,,,,,,,,,,
Joe Ingles,UTA,33,F-G,67,67,100.0%,3.4,7.9,43.1,45.7,-2.6,,,,,,,,,,,,,,,
D.J. Wilson,HOU,25,F,33,33,100.0%,3.4,7.2,47.9,46.4,1.5,,,,,,,,,,,,,,,
Otto Porter Jr.,ORL,28,F,27,27,100.0%,3.4,6.7,50.5,46.1,4.5,,,,,,,,,,,,,,,
Alec Burks,NYK,29,G,49,49,100.0%,3.4,8.9,38.2,45.5,-7.4,,,,,,,,,,,,,,,
JaVale McGee,DEN,33,C-F,46,46,100.0%,3.4,7.5,45.5,47.5,-2.0,,,,,,,,,,,,,,,
Eric Gordon,HOU,32,G,27,27,100.0%,3.4,7.9,42.5,45.3,-2.8,,,,,,,,,,,,,,,
Grant Williams,BOS,22,F,63,63,100.0%,3.4,7.6,44.3,46.6,-2.3,,,,,,,,,,,,,,,
Alex Caruso,LAL,27,G,58,58,100.0%,3.4,7.6,44.0,45.6,-1.6,,,,,,,,,,,,,,,
Patrick Beverley,LAC,32,G,37,37,100.0%,3.4,7.9,42.5,46.8,-4.4,,,,,,,,,,,,,,,
Spencer Dinwiddie,BKN,28,G,3,3,100.0%,3.3,10.0,33.3,46.6,-13.3,,,,,,,,,,,,,,,
Kenyon Martin Jr.,HOU,20,F,45,45,100.0%,3.3,7.5,44.6,46.7,-2.0,,,,,,,,,,,,,,,
Charlie Brown Jr.,OKC,24,G,9,9,100.0%,3.3,6.2,53.6,44.9,8.7,,,,,,,,,,,,,,,
Patrick Patterson,LAC,32,F,37,37,100.0%,3.3,7.3,45.4,46.3,-0.9,,,,,,,,,,,,,,,
Jeff Teague,MIL,33,G,55,55,100.0%,3.3,7.1,46.4,46.1,0.3,,,,,,,,,,,,,,,
Malik Monk,CHA,23,G,39,39,100.0%,3.3,6.5,50.6,45.5,5.1,,,,,,,,,,,,,,,
Frank Mason III,ORL,27,G,4,4,100.0%,3.3,7.8,41.9,44.7,-2.7,,,,,,,,,,,,,,,
Austin Rivers,DEN,28,G,34,34,100.0%,3.2,7.6,42.6,44.7,-2.0,,,,,,,,,,,,,,,
Brad Wanamaker,CHA,31,G,61,61,100.0%,3.2,6.6,48.6,45.7,2.9,,,,,,,,,,,,,,,
Jaylen Nowell,MIN,21,G,41,41,100.0%,3.2,6.7,47.8,44.9,2.9,,,,,,,,,,,,,,,
Saben Lee,DET,22,G,46,46,100.0%,3.2,6.7,47.7,44.4,3.4,,,,,,,,,,,,,,,
Garrison Mathews,WAS,24,G,61,61,100.0%,3.2,6.1,52.3,45.5,6.7,,,,,,,,,,,,,,,
Onyeka Okongwu,ATL,20,F-C,48,48,100.0%,3.2,6.4,49.5,48.5,1.0,,,,,,,,,,,,,,,
Troy Brown Jr.,CHI,21,G-F,33,33,100.0%,3.2,6.3,50.5,44.7,5.8,,,,,,,,,,,,,,,
Terence Davis,SAC,24,G,59,59,100.0%,3.2,6.0,52.5,45.8,6.8,,,,,,,,,,,,,,,
Juancho Hernangomez,MIN,25,F,49,49,100.0%,3.1,6.3,49.5,46.8,2.7,,,,,,,,,,,,,,,
Anfernee Simons,POR,22,G,59,59,100.0%,3.1,6.1,51.1,45.0,6.1,,,,,,,,,,,,,,,
Torrey Craig,PHX,30,F,47,47,100.0%,3.1,6.8,46.1,45.9,0.2,,,,,,,,,,,,,,,
Stanley Johnson,TOR,25,F-G,57,57,100.0%,3.1,7.0,44.8,46.7,-1.8,,,,,,,,,,,,,,,
Bryn Forbes,MIL,27,G,68,68,100.0%,3.1,6.1,51.3,45.0,6.3,,,,,,,,,,,,,,,
Isaiah Hartenstein,CLE,23,C-F,44,44,100.0%,3.1,7.0,44.6,49.5,-4.8,,,,,,,,,,,,,,,
Jordan McLaughlin,MIN,25,G,51,51,100.0%,3.1,6.9,44.8,44.7,0.1,,,,,,,,,,,,,,,
Max Strus,MIA,25,G-F,32,32,100.0%,3.1,6.4,47.6,45.1,2.4,,,,,,,,,,,,,,,
Trey Lyles,SAS,25,F,22,22,100.0%,3.0,6.8,44.7,46.4,-1.7,,,,,,,,,,,,,,,
Glenn Robinson III,SAC,27,F,21,21,100.0%,3.0,6.2,49.2,46.0,3.2,,,,,,,,,,,,,,,
Immanuel Quickley,NYK,22,G,63,63,100.0%,3.0,6.6,46.0,45.3,0.7,,,,,,,,,,,,,,,
Devin Vassell,SAS,20,G-F,61,61,100.0%,3.0,5.9,51.1,45.9,5.2,,,,,,,,,,,,,,,
D.J. Augustin,HOU,33,G,54,54,100.0%,3.0,6.2,48.8,44.8,4.0,,,,,,,,,,,,,,,
Damyean Dotson,CLE,27,G,45,45,100.0%,3.0,6.7,44.9,45.6,-0.7,,,,,,,,,,,,,,,
Ray Spalding,HOU,24,F,2,2,100.0%,3.0,6.5,46.2,47.9,-1.7,,,,,,,,,,,,,,,
Sekou Doumbouya,DET,20,F,53,53,100.0%,3.0,6.2,48.6,46.0,2.6,,,,,,,,,,,,,,,
Alen Smailagic,GSW,20,F,9,9,100.0%,3.0,5.6,54.0,45.9,8.1,,,,,,,,,,,,,,,
Cameron Payne,PHX,26,G,58,58,100.0%,3.0,6.2,47.8,45.5,2.3,,,,,,,,,,,,,,,
Josh Hall,OKC,20,F,19,19,100.0%,3.0,6.4,45.9,44.6,1.3,,,,,,,,,,,,,,,
Dewayne Dedmon,MIA,31,C,16,16,100.0%,2.9,5.9,50.0,46.8,3.2,,,,,,,,,,,,,,,
Rajon Rondo,LAC,35,G,44,44,100.0%,2.9,6.2,47.1,45.3,1.8,,,,,,,,,,,,,,,
Brodric Thomas,CLE,24,G,26,26,100.0%,2.9,6.8,43.2,46.5,-3.3,,,,,,,,,,,,,,,
Tyler Johnson,BKN,29,G,37,37,100.0%,2.9,6.3,46.4,45.8,0.6,,,,,,,,,,,,,,,
Justin Jackson,MIL,26,F,34,34,100.0%,2.9,6.3,46.5,44.4,2.1,,,,,,,,,,,,,,,
Wesley Matthews,LAL,34,G,58,58,100.0%,2.9,6.7,43.4,46.1,-2.7,,,,,,,,,,,,,,,
Dylan Windler,CLE,24,G-F,31,31,100.0%,2.9,6.2,46.6,45.7,0.9,,,,,,,,,,,,,,,
Mike Scott,PHI,32,F,49,49,100.0%,2.9,6.1,47.8,46.8,1.0,,,,,,,,,,,,,,,
Abdel Nader,PHX,27,F,20,20,100.0%,2.9,6.0,47.9,45.6,2.3,,,,,,,,,,,,,,,
JaMychal Green,DEN,31,F-C,57,57,100.0%,2.9,6.5,44.1,46.4,-2.3,,,,,,,,,,,,,,,
Chandler Hutchison,WAS,25,F-G,25,25,100.0%,2.9,6.2,46.8,45.5,1.2,,,,,,,,,,,,,,,
DaQuan Jeffries,SAS,23,G-F,28,28,100.0%,2.9,6.5,44.2,45.7,-1.5,,,,,,,,,,,,,,,
Furkan Korkmaz,PHI,23,G-F,54,54,100.0%,2.9,6.1,47.1,45.3,1.8,,,,,,,,,,,,,,,
Desmond Bane,MEM,23,G,68,68,100.0%,2.8,6.7,42.2,45.7,-3.5,,,,,,,,,,,,,,,
Mike James,BKN,30,G,12,12,100.0%,2.8,6.8,42.0,45.4,-3.5,,,,,,,,,,,,,,,
Louis King,SAC,22,F,6,6,100.0%,2.8,5.7,50.0,43.5,6.5,,,,,,,,,,,,,,,
Nico Mannion,GSW,20,G,24,24,100.0%,2.8,5.2,54.8,45.1,9.7,,,,,,,,,,,,,,,
Yuta Watanabe,TOR,26,G-F,50,50,100.0%,2.8,6.1,45.9,45.3,0.6,,,,,,,,,,,,,,,
Robert Franks,ORL,24,F,5,5,100.0%,2.8,6.2,45.2,47.1,-2.0,,,,,,,,,,,,,,,
Boban Marjanovic,DAL,32,C,30,30,100.0%,2.8,5.9,47.7,49.9,-2.1,,,,,,,,,,,,,,,
Anderson Varejao,CLE,38,F,5,5,100.0%,2.8,5.8,48.3,51.0,-2.7,,,,,,,,,,,,,,,
KZ Okpala,MIA,22,F-G,33,33,100.0%,2.8,6.5,43.0,46.7,-3.7,,,,,,,,,,,,,,,
Edmond Sumner,IND,25,G,48,48,100.0%,2.8,5.6,49.6,46.1,3.6,,,,,,,,,,,,,,,
DeAndre' Bembry,TOR,26,G-F,47,47,100.0%,2.8,6.3,43.6,45.9,-2.3,,,,,,,,,,,,,,,
Semi Ojeleye,BOS,26,F,55,55,100.0%,2.8,6.0,45.8,46.8,-1.0,,,,,,,,,,,,,,,
Rodney Hood,TOR,28,G-F,48,48,100.0%,2.8,5.8,47.3,46.0,1.3,,,,,,,,,,,,,,,
Kris Dunn,ATL,27,G,4,4,100.0%,2.8,5.5,50.0,45.6,4.4,,,,,,,,,,,,,,,
Aaron Nesmith,BOS,21,G-F,38,38,100.0%,2.7,6.0,45.4,45.8,-0.4,,,,,,,,,,,,,,,
Ben McLemore,LAL,28,G,47,47,100.0%,2.7,5.8,46.2,45.5,0.7,,,,,,,,,,,,,,,
Nassir Little,POR,21,F-G,44,44,100.0%,2.7,5.6,47.6,45.3,2.2,,,,,,,,,,,,,,,
Wes Iwundu,NOP,26,F,34,34,100.0%,2.7,5.4,49.2,45.6,3.6,,,,,,,,,,,,,,,
Gabe Vincent,MIA,25,G,42,42,100.0%,2.7,6.2,43.2,45.6,-2.3,,,,,,,,,,,,,,,
Al-Farouq Aminu,CHI,30,F,23,23,100.0%,2.6,6.4,41.2,46.2,-5.0,,,,,,,,,,,,,,,
Kira Lewis Jr.,NOP,20,G,49,49,100.0%,2.6,6.0,44.2,43.8,0.4,,,,,,,,,,,,,,,
Thon Maker,CLE,24,F-C,8,8,100.0%,2.6,5.8,45.7,43.1,2.6,,,,,,,,,,,,,,,
E'Twaun Moore,PHX,32,G,26,26,100.0%,2.6,5.8,45.3,45.1,0.3,,,,,,,,,,,,,,,
Denzel Valentine,CHI,27,G,60,60,100.0%,2.6,5.5,47.1,45.0,2.2,,,,,,,,,,,,,,,
Jontay Porter,MEM,21,C-F,5,5,100.0%,2.6,5.4,48.1,47.5,0.7,,,,,,,,,,,,,,,
Mychal Mulder,GSW,27,G,54,54,100.0%,2.6,5.6,46.7,44.2,2.4,,,,,,,,,,,,,,,
Reggie Perry,BKN,21,F-C,22,22,100.0%,2.6,5.5,47.1,45.9,1.2,,,,,,,,,,,,,,,
Lou Williams,ATL,34,G,66,66,100.0%,2.6,5.6,45.9,44.2,1.8,,,,,,,,,,,,,,,
Tyus Jones,MEM,25,G,70,70,100.0%,2.5,5.5,45.9,44.2,1.6,,,,,,,,,,,,,,,
Frank Jackson,DET,23,G,35,35,100.0%,2.5,6.1,41.3,44.3,-3.0,,,,,,,,,,,,,,,
Harry Giles III,POR,23,F-C,35,35,100.0%,2.5,5.7,43.8,46.6,-2.8,,,,,,,,,,,,,,,
John Konchar,MEM,25,G,43,43,100.0%,2.5,5.5,45.6,45.6,-0.1,,,,,,,,,,,,,,,
Tyler Cook,DET,23,F,29,29,100.0%,2.5,5.2,47.7,46.9,0.7,,,,,,,,,,,,,,,
Zeke Nnaji,DEN,20,F-C,36,36,100.0%,2.5,5.0,49.7,46.0,3.7,,,,,,,,,,,,,,,
Jake Layman,MIN,27,F,43,43,100.0%,2.5,4.7,52.5,46.1,6.4,,,,,,,,,,,,,,,
Jarrett Culver,MIN,22,G-F,33,33,100.0%,2.5,5.8,42.0,44.9,-3.0,,,,,,,,,,,,,,,
Brandon Goodwin,ATL,25,G,42,42,100.0%,2.5,5.5,44.6,44.4,0.2,,,,,,,,,,,,,,,
Chris Silva,SAC,24,F,9,9,100.0%,2.4,5.7,43.1,47.5,-4.3,,,,,,,,,,,,,,,
Wenyen Gabriel,NOP,24,F,18,18,100.0%,2.4,5.6,43.6,44.7,-1.2,,,,,,,,,,,,,,,
Tyrese Maxey,PHI,20,G,58,58,100.0%,2.4,4.9,49.3,44.0,5.3,,,,,,,,,,,,,,,
Alize Johnson,BKN,25,F,14,14,100.0%,2.4,4.8,50.7,45.6,5.1,,,,,,,,,,,,,,,
Rodney McGruder,DET,29,G,14,14,100.0%,2.4,4.5,54.0,46.1,7.9,,,,,,,,,,,,,,,
Justin James,SAC,24,G-F,26,26,100.0%,2.4,4.4,54.8,43.9,10.9,,,,,,,,,,,,,,,
Jordan Poole,GSW,22,G,46,46,100.0%,2.4,5.7,42.2,44.4,-2.2,,,,,,,,,,,,,,,
Nicolo Melli,DAL,30,F,41,41,100.0%,2.4,4.9,49.3,45.7,3.5,,,,,,,,,,,,,,,
Javonte Green,CHI,27,G-F,34,34,100.0%,2.3,4.7,49.7,45.2,4.5,,,,,,,,,,,,,,,
Sean McDermott,MEM,24,F,13,13,100.0%,2.3,5.5,42.3,44.4,-2.2,,,,,,,,,,,,,,,
Ersan Ilyasova,UTA,34,F,16,16,100.0%,2.3,5.3,43.5,46.0,-2.5,,,,,,,,,,,,,,,
Georges Niang,UTA,28,F,70,70,100.0%,2.3,5.6,41.0,45.1,-4.1,,,,,,,,,,,,,,,
Justin Robinson,OKC,23,G,7,7,100.0%,2.3,4.1,55.2,43.8,11.4,,,,,,,,,,,,,,,
JJ Redick,DAL,37,G,43,43,100.0%,2.3,4.6,49.5,45.2,4.2,,,,,,,,,,,,,,,
Lamar Stevens,CLE,23,F,37,37,100.0%,2.3,5.1,44.4,45.8,-1.3,,,,,,,,,,,,,,,
Shaquille Harrison,DEN,27,G,29,29,100.0%,2.2,4.5,49.2,45.4,3.8,,,,,,,,,,,,,,,
Kelan Martin,IND,25,F,26,26,100.0%,2.2,5.2,43.0,45.6,-2.7,,,,,,,,,,,,,,,
Luka Samanic,SAS,21,F,27,27,100.0%,2.2,5.8,38.0,45.8,-7.8,,,,,,,,,,,,,,,
Quinndary Weatherspoon,SAS,24,G,14,14,100.0%,2.2,3.6,62.0,43.6,18.4,,,,,,,,,,,,,,,
Bruno Caboclo,HOU,25,F,5,5,100.0%,2.2,5.2,42.3,45.4,-3.1,,,,,,,,,,,,,,,
Romeo Langford,BOS,21,G-F,17,17,100.0%,2.2,6.0,36.3,45.6,-9.3,,,,,,,,,,,,,,,
Tacko Fall,BOS,25,C,17,17,100.0%,2.2,5.6,38.9,47.6,-8.6,,,,,,,,,,,,,,,
Isaiah Joe,PHI,21,G,34,34,100.0%,2.2,4.3,50.3,43.5,6.8,,,,,,,,,,,,,,,
Frank Ntilikina,NYK,22,G,24,24,100.0%,2.2,4.4,49.5,46.4,3.1,,,,,,,,,,,,,,,
Trent Forrest,UTA,23,G,25,25,100.0%,2.2,4.2,50.9,44.5,6.4,,,,,,,,,,,,,,,
Josh Green,DAL,20,G,32,32,100.0%,2.2,4.0,53.5,44.2,9.3,,,,,,,,,,,,,,,
Sindarius Thornwell,ORL,26,G,16,16,100.0%,2.1,4.7,45.3,45.4,-0.1,,,,,,,,,,,,,,,
Jordan Nwora,MIL,22,F,22,22,100.0%,2.1,4.8,43.8,45.0,-1.2,,,,,,,,,,,,,,,
Jabari Parker,BOS,26,F,12,12,100.0%,2.1,5.6,37.3,47.1,-9.8,,,,,,,,,,,,,,,
Isaac Bonga,WAS,21,G,38,38,100.0%,2.1,4.8,43.4,46.0,-2.6,,,,,,,,,,,,,,,
Jalen Harris,TOR,22,G,13,13,100.0%,2.1,4.8,43.5,46.3,-2.7,,,,,,,,,,,,,,,
Trey Burke,DAL,28,G,56,56,100.0%,2.1,4.6,45.1,43.7,1.5,,,,,,,,,,,,,,,
Bruno Fernando,ATL,22,F-C,28,28,100.0%,2.0,4.4,46.0,48.5,-2.5,,,,,,,,,,,,,,,
Keita Bates-Diop,SAS,25,F,23,23,100.0%,2.0,4.2,49.0,46.7,2.2,,,,,,,,,,,,,,,
Cameron Reynolds,HOU,26,F,3,3,100.0%,2.0,5.7,35.3,49.3,-14.0,,,,,,,,,,,,,,,
Andre Roberson,BKN,29,G-F,5,5,100.0%,2.0,5.0,40.0,44.8,-4.8,,,,,,,,,,,,,,,
Chris Chiozza,BKN,25,G,20,20,100.0%,2.0,4.6,43.5,44.2,-0.7,,,,,,,,,,,,,,,
Jordan Bone,ORL,23,G,11,11,100.0%,2.0,4.1,48.9,45.0,3.9,,,,,,,,,,,,,,,
Malik Fitts,LAC,23,F,1,1,100.0%,2.0,4.0,50.0,43.6,6.5,,,,,,,,,,,,,,,
Meyers Leonard,MIA,29,F-C,3,3,100.0%,2.0,4.0,50.0,48.5,1.5,,,,,,,,,,,,,,,
Jalen Smith,PHX,21,F-C,19,19,100.0%,2.0,3.7,53.5,46.5,7.0,,,,,,,,,,,,,,,
Thanasis Antetokounmpo,MIL,28,F,46,46,100.0%,2.0,4.6,42.5,45.8,-3.3,,,,,,,,,,,,,,,
Obi Toppin,NYK,23,F,60,60,100.0%,1.9,4.5,42.8,46.8,-4.0,,,,,,,,,,,,,,,
Mason Jones,PHI,22,G,28,28,100.0%,1.9,3.9,49.1,44.5,4.6,,,,,,,,,,,,,,,
Paul Watson,TOR,26,G,22,22,100.0%,1.9,4.4,43.3,45.7,-2.4,,,,,,,,,,,,,,,
Matt Thomas,UTA,26,G,36,36,100.0%,1.9,3.2,59.1,45.5,13.7,,,,,,,,,,,,,,,
Norvel Pelle,NYK,28,C,8,8,100.0%,1.9,4.5,41.7,49.8,-8.2,,,,,,,,,,,,,,,
Jevon Carter,PHX,25,G,57,57,100.0%,1.9,3.9,48.0,45.7,2.2,,,,,,,,,,,,,,,
Nathan Knight,ATL,23,F-C,28,28,100.0%,1.9,4.6,40.6,46.3,-5.7,,,,,,,,,,,,,,,
Vlatko Cancar,DEN,24,F,31,31,100.0%,1.8,3.4,53.8,46.4,7.4,,,,,,,,,,,,,,,
Miye Oni,UTA,23,G-F,47,47,100.0%,1.8,4.6,39.8,44.5,-4.7,,,,,,,,,,,,,,,
Amida Brimah,IND,27,C,5,5,100.0%,1.8,3.4,52.9,51.8,1.1,,,,,,,,,,,,,,,
Yogi Ferrell,LAC,28,G,9,9,100.0%,1.8,4.8,37.2,43.0,-5.8,,,,,,,,,,,,,,,
Karim Mane,ORL,21,G,9,9,100.0%,1.8,3.8,47.1,43.3,3.8,,,,,,,,,,,,,,,
Devin Cannady,ORL,25,G,4,4,100.0%,1.8,3.8,46.7,47.5,-0.8,,,,,,,,,,,,,,,
Jeremiah Martin,CLE,25,G,8,8,100.0%,1.8,3.8,46.7,44.8,1.8,,,,,,,,,,,,,,,
Alfonzo McKinnie,LAL,28,F,27,27,100.0%,1.7,3.4,51.1,44.8,6.3,,,,,,,,,,,,,,,
Tyler Bey,DAL,23,F,15,15,100.0%,1.7,3.0,57.8,42.4,15.4,,,,,,,,,,,,,,,
Carsen Edwards,BOS,23,G,25,25,100.0%,1.7,3.4,51.2,46.0,5.2,,,,,,,,,,,,,,,
Mfiondu Kabengele,CLE,23,F-C,33,33,100.0%,1.7,4.2,40.9,47.6,-6.8,,,,,,,,,,,,,,,
Kevin Knox II,NYK,21,F,37,37,100.0%,1.7,3.9,44.1,44.6,-0.5,,,,,,,,,,,,,,,
Rodions Kurucs,MIL,23,F,15,15,100.0%,1.7,3.4,49.0,45.2,3.9,,,,,,,,,,,,,,,
Quinn Cook,CLE,28,G,20,20,100.0%,1.6,3.5,46.5,42.8,3.6,,,,,,,,,,,,,,,
Kyle Guy,SAC,23,G,25,25,100.0%,1.6,3.1,53.2,45.2,8.1,,,,,,,,,,,,,,,
Anthony Tolliver,PHI,36,F,8,8,100.0%,1.6,4.4,37.1,46.3,-9.2,,,,,,,,,,,,,,,
Anthony Gill,WAS,28,F,19,19,100.0%,1.6,4.3,37.8,43.5,-5.7,,,,,,,,,,,,,,,
Ryan Arcidiacono,CHI,27,G,41,41,100.0%,1.6,3.7,44.4,43.8,0.5,,,,,,,,,,,,,,,
Deividas Sirvydis,DET,21,F-G,16,16,100.0%,1.6,3.2,51.0,45.4,5.6,,,,,,,,,,,,,,,
Tremont Waters,BOS,23,G,21,21,100.0%,1.6,3.5,45.9,43.0,2.9,,,,,,,,,,,,,,,
Cristiano Felicio,CHI,28,F-C,13,13,100.0%,1.6,3.0,53.8,45.7,8.2,,,,,,,,,,,,,,,
Amir Coffey,LAC,24,G-F,28,28,100.0%,1.6,3.8,42.1,44.2,-2.1,,,,,,,,,,,,,,,
Axel Toupane,MIL,28,G-F,5,5,100.0%,1.6,5.0,32.0,41.0,-9.0,,,,,,,,,,,,,,,
Darius Miller,OKC,31,F,15,15,100.0%,1.6,4.3,36.9,46.8,-9.9,,,,,,,,,,,,,,,
Mamadi Diakite,MIL,24,F,12,12,100.0%,1.6,4.9,32.2,46.1,-13.9,,,,,,,,,,,,,,,
Sam Merrill,MIL,25,G,22,22,100.0%,1.6,3.5,44.2,44.4,-0.2,,,,,,,,,,,,,,,
Daniel Oturu,LAC,21,C,19,19,100.0%,1.5,4.0,37.7,45.4,-7.7,,,,,,,,,,,,,,,
Paul Reed,PHI,22,F,21,21,100.0%,1.5,4.0,37.6,47.6,-9.9,,,,,,,,,,,,,,,
Tim Frazier,MEM,30,G,4,4,100.0%,1.5,5.0,30.0,42.4,-12.4,,,,,,,,,,,,,,,
Jaylen Adams,MIL,25,G,2,2,100.0%,1.5,2.0,75.0,45.7,29.4,,,,,,,,,,,,,,,
Noah Vonleh,BKN,25,F,4,4,100.0%,1.5,2.0,75.0,46.2,28.8,,,,,,,,,,,,,,,
Tre Jones,SAS,21,G,29,29,100.0%,1.5,3.0,49.4,44.9,4.6,,,,,,,,,,,,,,,
Langston Galloway,PHX,29,G,37,37,100.0%,1.5,3.2,45.4,44.9,0.5,,,,,,,,,,,,,,,
Bol Bol,DEN,21,C-F,24,24,100.0%,1.5,2.7,53.8,45.1,8.7,,,,,,,,,,,,,,,
Jared Dudley,LAL,35,F,11,11,100.0%,1.4,3.2,45.7,44.2,1.5,,,,,,,,,,,,,,,
Cassius Winston,WAS,23,G,11,11,100.0%,1.4,3.0,48.5,43.4,5.0,,,,,,,,,,,,,,,
Rondae Hollis-Jefferson,POR,26,F,10,10,100.0%,1.4,3.5,40.0,45.0,-5.0,,,,,,,,,,,,,,,
Juwan Morgan,UTA,24,F,18,18,100.0%,1.4,3.3,42.4,45.8,-3.4,,,,,,,,,,,,,,,
Skylar Mays,ATL,23,G,27,27,100.0%,1.4,3.1,43.5,43.6,-0.1,,,,,,,,,,,,,,,
Markus Howard,DEN,22,G,27,27,100.0%,1.4,2.9,46.8,45.9,0.9,,,,,,,,,,,,,,,
Killian Tillie,MEM,23,F-C,14,14,100.0%,1.4,4.2,32.2,45.7,-13.5,,,,,,,,,,,,,,,
Isaiah Thomas,NOP,32,G,3,3,100.0%,1.3,5.7,23.5,41.9,-18.4,,,,,,,,,,,,,,,
Jahmi'us Ramsey,SAC,20,G,11,11,100.0%,1.3,3.1,41.2,41.0,0.2,,,,,,,,,,,,,,,
Nate Darling,CHA,22,G,4,4,100.0%,1.3,2.0,62.5,40.6,21.9,,,,,,,,,,,,,,,
James Nunnally,NOP,30,F,4,4,100.0%,1.3,1.8,71.4,45.4,26.1,,,,,,,,,,,,,,,
Nick Richards,CHA,23,C,11,11,100.0%,1.2,2.9,40.6,45.0,-4.4,,,,,,,,,,,,,,,
Rayjon Tucker,PHI,23,G,10,10,100.0%,1.1,2.4,45.8,44.2,1.7,,,,,,,,,,,,,,,
Kostas Antetokounmpo,LAL,23,F,11,11,100.0%,1.1,2.5,44.4,46.2,-1.8,,,,,,,,,,,,,,,
Vernon Carey Jr.,CHA,20,F-C,17,17,100.0%,1.1,2.9,36.7,46.2,-9.5,,,,,,,,,,,,,,,
CJ Elleby,POR,21,F-G,22,22,100.0%,1.1,2.7,38.3,44.2,-5.8,,,,,,,,,,,,,,,
Jarrell Brantley,UTA,25,F,20,20,100.0%,1.1,2.4,43.8,46.4,-2.7,,,,,,,,,,,,,,,
Vincent Poirier,PHI,27,C-F,8,8,100.0%,1.0,3.0,33.3,42.5,-9.1,,,,,,,,,,,,,,,
Udoka Azubuike,UTA,21,C-F,12,12,100.0%,1.0,2.7,37.5,47.4,-9.9,,,,,,,,,,,,,,,
Patrick McCaw,TOR,25,G,5,5,100.0%,1.0,2.2,45.5,46.4,-1.0,,,,,,,,,,,,,,,
Brian Bowen II,IND,22,F-G,1,1,100.0%,1.0,2.0,50.0,43.5,6.5,,,,,,,,,,,,,,,
Ty-Shon Alexander,PHX,22,G,8,8,100.0%,0.9,2.6,33.3,44.2,-10.9,,,,,,,,,,,,,,,
Nate Hinton,DAL,22,G-F,15,15,100.0%,0.9,1.7,52.0,41.8,10.2,,,,,,,,,,,,,,,
Gary Payton II,GSW,28,G,7,7,100.0%,0.9,2.6,33.3,44.1,-10.8,,,,,,,,,,,,,,,
Devontae Cacok,LAL,24,F,18,18,100.0%,0.8,2.5,33.3,44.9,-11.5,,,,,,,,,,,,,,,
Terrance Ferguson,PHI,23,G,6,6,100.0%,0.8,1.7,50.0,46.0,4.0,,,,,,,,,,,,,,,
Grant Riller,CHA,24,G,5,5,100.0%,0.8,1.2,66.7,42.9,23.8,,,,,,,,,,,,,,,
Cassius Stanley,IND,21,G,16,16,100.0%,0.8,2.0,37.5,44.9,-7.4,,,,,,,,,,,,,,,
Jared Harper,NYK,23,G,4,4,100.0%,0.8,1.5,50.0,42.8,7.2,,,,,,,,,,,,,,,
Devon Dotson,CHI,21,G,7,7,100.0%,0.7,2.4,29.4,42.6,-13.2,,,,,,,,,,,,,,,
Adam Mokoka,CHI,22,G,6,6,100.0%,0.7,1.8,36.4,46.5,-10.1,,,,,,,,,,,,,,,
Theo Pinson,NYK,25,G-F,12,12,100.0%,0.7,1.3,50.0,43.8,6.2,,,,,,,,,,,,,,,
Tyrell Terry,DAL,20,G,8,8,100.0%,0.6,1.8,35.7,43.9,-8.2,,,,,,,,,,,,,,,
T.J. Leaf,POR,24,F,7,7,100.0%,0.6,2.4,23.5,44.2,-20.7,,,,,,,,,,,,,,,
Robert Woodard II,SAC,21,F,7,7,100.0%,0.6,1.1,50.0,50.5,-0.5,,,,,,,,,,,,,,,
Marques Bolden,CLE,23,C,4,4,100.0%,0.5,2.3,22.2,43.4,-21.2,,,,,,,,,,,,,,,
Iman Shumpert,BKN,31,G,2,2,100.0%,0.5,2.0,25.0,47.0,-22.0,,,,,,,,,,,,,,,
Elijah Hughes,UTA,23,G,12,12,100.0%,0.5,1.7,30.0,42.7,-12.7,,,,,,,,,,,,,,,
Jalen Lecque,IND,21,G,4,4,100.0%,0.5,1.5,33.3,46.4,-13.0,,,,,,,,,,,,,,,
Keljin Blevins,POR,25,G,14,14,100.0%,0.4,1.3,33.3,41.7,-8.4,,,,,,,,,,,,,,,
Greg Whittington,DEN,28,F,1,1,100.0%,0.0,1.0,0.0,40.7,-40.7,,,,,,,,,,,,,,,
Rudy Gobert,,,,,,,,,,,,,,,,,,,,,,,,,,
Brook Lopez,,,,,,,,,,,,,,,,,,,,,,,,,,
Nikola Jokic,,,,,,,,,,,,,,,,,,,,,,,,,,
Nikola Vucevic,,,,,,,,,,,,,,,,,,,,,,,,,,
Domantas Sabonis,,,,,,,,,,,,,,,,,,,,,,,,,,
Jonas Valanciunas,,,,,,,,,,,,,,,,,,,,,,,,,,
Joel Embiid,,,,,,,,,,,,,,,,,,,,,,,,,,
Karl-Anthony Towns,,,,,,,,,,,,,,,,,,,,,,,,,,
Myles Turner,,,,,,,,,,,,,,,,,,,,,,,,,,
Christian Wood,,,,,,,,,,,,,,,,,,,,,,,,,,
Mason Plumlee,,,,,,,,,,,,,,,,,,,,,,,,,,
Kristaps Porzingis,,,,,,,,,,,,,,,,,,,,,,,,,,
Deandre Ayton,,,,,,,,,,,,,,,,,,,,,,,,,,
Jakob Poeltl,,,,,,,,,,,,,,,,,,,,,,,,,,
Pascal Siakam,,,,,,,,,,,,,,,,,,,,,,,,,,
Al Horford,,,,,,,,,,,,,,,,,,,,,,,,,,
Enes Freedom,,,,,,,,,,,,,,,,,,,,,,,,,,
Kelly Olynyk,,,,,,,,,,,,,,,,,,,,,,,,,,
P.J. Washington,,,,,,,,,,,,,,,,,,,,,,,,,,
Robert Covington,,,,,,,,,,,,,,,,,,,,,,,,,,
Clint Capela,,,,,,,,,,,,,,,,,,,,,,,,,,
Thomas Bryant,,,,,,,,,,,,,,,,,,,,,,,,,,
De'Aaron Fox,,,,,,,,,,,,,,,,,,,,,,,,,,
Shai Gilgeous-Alexander,,,,,,,,,,,,,,,,,,,,,,,,,,
Andre Drummond,,,,,,,,,,,,,,,,,,,,,,,,,,
Jarrett Allen,,,,,,,,,,,,,,,,,,,,,,,,,,
Isaac Okoro,,,,,,,,,,,,,,,,,,,,,,,,,,
Royce O'Neale,,,,,,,,,,,,,,,,,,,,,,,,,,
Richaun Holmes,,,,,,,,,,,,,,,,,,,,,,,,,,
LaMarcus Aldridge,,,,,,,,,,,,,,,,,,,,,,,,,,
Kemba Walker,,,,,,,,,,,,,,,,,,,,,,,,,,
Oshae Brissett,,,,,,,,,,,,,,,,,,,,,,,,,,
Darius Bazley,,,,,,,,,,,,,,,,,,,,,,,,,,
Buddy Hield,,,,,,,,,,,,,,,,,,,,,,,,,,
Steven Adams,,,,,,,,,,,,,,,,,,,,,,,,,,
Wendell Carter Jr.,,,,,,,,,,,,,,,,,,,,,,,,,,
Serge Ibaka,,,,,,,,,,,,,,,,,,,,,,,,,,
Moses Brown,,,,,,,,,,,,,,,,,,,,,,,,,,
Draymond Green,,,,,,,,,,,,,,,,,,,,,,,,,,
Andrew Wiggins,,,,,,,,,,,,,,,,,,,,,,,,,,
Derrick White,,,,,,,,,,,,,,,,,,,,,,,,,,
Fred VanVleet,,,,,,,,,,,,,,,,,,,,,,,,,,
Terry Rozier,,,,,,,,,,,,,,,,,,,,,,,,,,
Julius Randle,,,,,,,,,,,,,,,,,,,,,,,,,,
Cameron Oliver,,,,,,,,,,,,,,,,,,,,,,,,,,
John Collins,,,,,,,,,,,,,,,,,,,,,,,,,,
Ivica Zubac,,,,,,,,,,,,,,,,,,,,,,,,,,
Daniel Theis,,,,,,,,,,,,,,,,,,,,,,,,,,
Jaren Jackson Jr.,,,,,,,,,,,,,,,,,,,,,,,,,,
Anthony Davis,,,,,,,,,,,,,,,,,,,,,,,,,,
Kevin Porter Jr.,,,,,,,,,,,,,,,,,,,,,,,,,,
Josh Hart,,,,,,,,,,,,,,,,,,,,,,,,,,
Jusuf Nurkic,,,,,,,,,,,,,,,,,,,,,,,,,,
Zion Williamson,,,,,,,,,,,,,,,,,,,,,,,,,,
Dennis Schroder,,,,,,,,,,,,,,,,,,,,,,,,,,
CJ McCollum,,,,,,,,,,,,,,,,,,,,,,,,,,
Mikal Bridges,,,,,,,,,,,,,,,,,,,,,,,,,,
Bam Adebayo,,,,,,,,,,,,,,,,,,,,,,,,,,
Marvin Bagley III,,,,,,,,,,,,,,,,,,,,,,,,,,
Dillon Brooks,,,,,,,,,,,,,,,,,,,,,,,,,,
Caris LeVert,,,,,,,,,,,,,,,,,,,,,,,,,,
Jrue Holiday,,,,,,,,,,,,,,,,,,,,,,,,,,
Malcolm Brogdon,,,,,,,,,,,,,,,,,,,,,,,,,,
Eric Bledsoe,,,,,,,,,,,,,,,,,,,,,,,,,,
DeAndre Jordan,,,,,,,,,,,,,,,,,,,,,,,,,,
Kyle Lowry,,,,,,,,,,,,,,,,,,,,,,,,,,
Bradley Beal,,,,,,,,,,,,,,,,,,,,,,,,,,
Victor Oladipo,,,,,,,,,,,,,,,,,,,,,,,,,,
Lonzo Ball,,,,,,,,,,,,,,,,,,,,,,,,,,
Maxi Kleber,,,,,,,,,,,,,,,,,,,,,,,,,,
Cam Reddish,,,,,,,,,,,,,,,,,,,,,,,,,,
Elijah Bryant,,,,,,,,,,,,,,,,,,,,,,,,,,
Robin Lopez,,,,,,,,,,,,,,,,,,,,,,,,,,
RJ Barrett,,,,,,,,,,,,,,,,,,,,,,,,,,
Luka Doncic,,,,,,,,,,,,,,,,,,,,,,,,,,
Chris Boucher,,,,,,,,,,,,,,,,,,,,,,,,,,
Paul George,,,,,,,,,,,,,,,,,,,,,,,,,,
Evan Fournier,,,,,,,,,,,,,,,,,,,,,,,,,,
Darius Garland,,,,,,,,,,,,,,,,,,,,,,,,,,
Khris Middleton,,,,,,,,,,,,,,,,,,,,,,,,,,
Dejounte Murray,,,,,,,,,,,,,,,,,,,,,,,,,,
Danny Green,,,,,,,,,,,,,,,,,,,,,,,,,,
Isaiah Stewart,,,,,,,,,,,,,,,,,,,,,,,,,,
Devin Booker,,,,,,,,,,,,,,,,,,,,,,,,,,
Tobias Harris,,,,,,,,,,,,,,,,,,,,,,,,,,
Justin Patton,,,,,,,,,,,,,,,,,,,,,,,,,,
Bogdan Bogdanovic,,,,,,,,,,,,,,,,,,,,,,,,,,
Blake Griffin,,,,,,,,,,,,,,,,,,,,,,,,,,
James Harden,,,,,,,,,,,,,,,,,,,,,,,,,,
Khyri Thomas,,,,,,,,,,,,,,,,,,,,,,,,,,
Willy Hernangomez,,,,,,,,,,,,,,,,,,,,,,,,,,
Coby White,,,,,,,,,,,,,,,,,,,,,,,,,,
Luguentz Dort,,,,,,,,,,,,,,,,,,,,,,,,,,
Tristan Thompson,,,,,,,,,,,,,,,,,,,,,,,,,,
Jeff Green,,,,,,,,,,,,,,,,,,,,,,,,,,
Miles Bridges,,,,,,,,,,,,,,,,,,,,,,,,,,
Larry Nance Jr.,,,,,,,,,,,,,,,,,,,,,,,,,,
Keldon Johnson,,,,,,,,,,,,,,,,,,,,,,,,,,
Aleksej Pokusevski,,,,,,,,,,,,,,,,,,,,,,,,,,
Cole Anthony,,,,,,,,,,,,,,,,,,,,,,,,,,
Rui Hachimura,,,,,,,,,,,,,,,,,,,,,,,,,,
James Wiseman,,,,,,,,,,,,,,,,,,,,,,,,,,
Damian Lillard,,,,,,,,,,,,,,,,,,,,,,,,,,
Duncan Robinson,,,,,,,,,,,,,,,,,,,,,,,,,,
Harrison Barnes,,,,,,,,,,,,,,,,,,,,,,,,,,
Naz Reid,,,,,,,,,,,,,,,,,,,,,,,,,,
Zach LaVine,,,,,,,,,,,,,,,,,,,,,,,,,,
Jamal Murray,,,,,,,,,,,,,,,,,,,,,,,,,,
Mitchell Robinson,,,,,,,,,,,,,,,,,,,,,,,,,,
Kendrick Nunn,,,,,,,,,,,,,,,,,,,,,,,,,,
Sterling Brown,,,,,,,,,,,,,,,,,,,,,,,,,,
Isaiah Roby,,,,,,,,,,,,,,,,,,,,,,,,,,
Kevin Love,,,,,,,,,,,,,,,,,,,,,,,,,,
Collin Sexton,,,,,,,,,,,,,,,,,,,,,,,,,,
Lauri Markkanen,,,,,,,,,,,,,,,,,,,,,,,,,,
Jaylen Brown,,,,,,,,,,,,,,,,,,,,,,,,,,
Justin Holiday,,,,,,,,,,,,,,,,,,,,,,,,,,
Anthony Edwards,,,,,,,,,,,,,,,,,,,,,,,,,,
Michael Porter Jr.,,,,,,,,,,,,,,,,,,,,,,,,,,
Tyrese Haliburton,,,,,,,,,,,,,,,,,,,,,,,,,,
Ja Morant,,,,,,,,,,,,,,,,,,,,,,,,,,
Cody Zeller,,,,,,,,,,,,,,,,,,,,,,,,,,
John Wall,,,,,,,,,,,,,,,,,,,,,,,,,,
Marc Gasol,,,,,,,,,,,,,,,,,,,,,,,,,,
Kevon Looney,,,,,,,,,,,,,,,,,,,,,,,,,,
Thaddeus Young,,,,,,,,,,,,,,,,,,,,,,,,,,
Montrezl Harrell,,,,,,,,,,,,,,,,,,,,,,,,,,
Nerlens Noel,,,,,,,,,,,,,,,,,,,,,,,,,,
Kelly Oubre Jr.,,,,,,,,,,,,,,,,,,,,,,,,,,
D'Angelo Russell,,,,,,,,,,,,,,,,,,,,,,,,,,
Kyrie Irving,,,,,,,,,,,,,,,,,,,,,,,,,,
Jimmy Butler,,,,,,,,,,,,,,,,,,,,,,,,,,
Trevor Ariza,,,,,,,,,,,,,,,,,,,,,,,,,,
Kawhi Leonard,,,,,,,,,,,,,,,,,,,,,,,,,,
Bobby Portis,,,,,,,,,,,,,,,,,,,,,,,,,,
Russell Westbrook,,,,,,,,,,,,,,,,,,,,,,,,,,
Trae Young,,,,,,,,,,,,,,,,,,,,,,,,,,
Khem Birch,,,,,,,,,,,,,,,,,,,,,,,,,,
Will Barton,,,,,,,,,,,,,,,,,,,,,,,,,,
Derrick Favors,,,,,,,,,,,,,,,,,,,,,,,,,,
Deni Avdija,,,,,,,,,,,,,,,,,,,,,,,,,,
Tyler Herro,,,,,,,,,,,,,,,,,,,,,,,,,,
Donte DiVincenzo,,,,,,,,,,,,,,,,,,,,,,,,,,
Devonte' Graham,,,,,,,,,,,,,,,,,,,,,,,,,,
Reggie Bullock,,,,,,,,,,,,,,,,,,,,,,,,,,
Kevin Huerter,,,,,,,,,,,,,,,,,,,,,,,,,,
Giannis Antetokounmpo,,,,,,,,,,,,,,,,,,,,,,,,,,
Kevin Durant,,,,,,,,,,,,,,,,,,,,,,,,,,
OG Anunoby,,,,,,,,,,,,,,,,,,,,,,,,,,
Jae'Sean Tate,,,,,,,,,,,,,,,,,,,,,,,,,,
Dorian Finney-Smith,,,,,,,,,,,,,,,,,,,,,,,,,,
Patrick Williams,,,,,,,,,,,,,,,,,,,,,,,,,,
Danilo Gallinari,,,,,,,,,,,,,,,,,,,,,,,,,,
Garrett Temple,,,,,,,,,,,,,,,,,,,,,,,,,,
Chris Paul,,,,,,,,,,,,,,,,,,,,,,,,,,
Malik Beasley,,,,,,,,,,,,,,,,,,,,,,,,,,
P.J. Tucker,,,,,,,,,,,,,,,,,,,,,,,,,,
Juan Toscano-Anderson,,,,,,,,,,,,,,,,,,,,,,,,,,
Jeremy Lamb,,,,,,,,,,,,,,,,,,,,,,,,,,
Ben Simmons,,,,,,,,,,,,,,,,,,,,,,,,,,
Nicolas Batum,,,,,,,,,,,,,,,,,,,,,,,,,,
Kyle Anderson,,,,,,,,,,,,,,,,,,,,,,,,,,
Elfrid Payton,,,,,,,,,,,,,,,,,,,,,,,,,,
De'Andre Hunter,,,,,,,,,,,,,,,,,,,,,,,,,,
Josh Jackson,,,,,,,,,,,,,,,,,,,,,,,,,,
Jaden McDaniels,,,,,,,,,,,,,,,,,,,,,,,,,,
Bismack Biyombo,,,,,,,,,,,,,,,,,,,,,,,,,,
Joe Harris,,,,,,,,,,,,,,,,,,,,,,,,,,
Delon Wright,,,,,,,,,,,,,,,,,,,,,,,,,,
Jerami Grant,,,,,,,,,,,,,,,,,,,,,,,,,,
Pat Connaughton,,,,,,,,,,,,,,,,,,,,,,,,,,
David Nwaba,,,,,,,,,,,,,,,,,,,,,,,,,,
Anthony Lamb,,,,,,,,,,,,,,,,,,,,,,,,,,
Freddie Gillespie,,,,,,,,,,,,,,,,,,,,,,,,,,
T.J. Warren,,,,,,,,,,,,,,,,,,,,,,,,,,
Tim Hardaway Jr.,,,,,,,,,,,,,,,,,,,,,,,,,,
Chuma Okeke,,,,,,,,,,,,,,,,,,,,,,,,,,
DeMarcus Cousins,,,,,,,,,,,,,,,,,,,,,,,,,,
Donovan Mitchell,,,,,,,,,,,,,,,,,,,,,,,,,,
Dakota Mathias,,,,,,,,,,,,,,,,,,,,,,,,,,
LaMelo Ball,,,,,,,,,,,,,,,,,,,,,,,,,,
Jayson Tatum,,,,,,,,,,,,,,,,,,,,,,,,,,
Mike Conley,,,,,,,,,,,,,,,,,,,,,,,,,,
Killian Hayes,,,,,,,,,,,,,,,,,,,,,,,,,,
Brandon Ingram,,,,,,,,,,,,,,,,,,,,,,,,,,
Aaron Gordon,,,,,,,,,,,,,,,,,,,,,,,,,,
Paul Millsap,,,,,,,,,,,,,,,,,,,,,,,,,,
Dwayne Bacon,,,,,,,,,,,,,,,,,,,,,,,,,,
Gordon Hayward,,,,,,,,,,,,,,,,,,,,,,,,,,
Mike Muscala,,,,,,,,,,,,,,,,,,,,,,,,,,
Xavier Tillman,,,,,,,,,,,,,,,,,,,,,,,,,,
Cory Joseph,,,,,,,,,,,,,,,,,,,,,,,,,,
Landry Shamet,,,,,,,,,,,,,,,,,,,,,,,,,,
Aron Baynes,,,,,,,,,,,,,,,,,,,,,,,,,,
Robert Williams III,,,,,,,,,,,,,,,,,,,,,,,,,,
Bruce Brown,,,,,,,,,,,,,,,,,,,,,,,,,,
Naji Marshall,,,,,,,,,,,,,,,,,,,,,,,,,,
Jalen McDaniels,,,,,,,,,,,,,,,,,,,,,,,,,,
Brandon Clarke,,,,,,,,,,,,,,,,,,,,,,,,,,
Gabriel Deck,,,,,,,,,,,,,,,,,,,,,,,,,,
Terrence Ross,,,,,,,,,,,,,,,,,,,,,,,,,,
Frank Kaminsky,,,,,,,,,,,,,,,,,,,,,,,,,,
Michael Carter-Williams,,,,,,,,,,,,,,,,,,,,,,,,,,
Hassan Whiteside,,,,,,,,,,,,,,,,,,,,,,,,,,
Marcus Smart,,,,,,,,,,,,,,,,,,,,,,,,,,
T.J. McConnell,,,,,,,,,,,,,,,,,,,,,,,,,,
Willie Cauley-Stein,,,,,,,,,,,,,,,,,,,,,,,,,,
Dante Exum,,,,,,,,,,,,,,,,,,,,,,,,,,
Daniel Gafford,,,,,,,,,,,,,,,,,,,,,,,,,,
Ed Davis,,,,,,,,,,,,,,,,,,,,,,,,,,
Seth Curry,,,,,,,,,,,,,,,,,,,,,,,,,,
Davis Bertans,,,,,,,,,,,,,,,,,,,,,,,,,,
Markelle Fultz,,,,,,,,,,,,,,,,,,,,,,,,,,
Raul Neto,,,,,,,,,,,,,,,,,,,,,,,,,,
Gorgui Dieng,,,,,,,,,,,,,,,,,,,,,,,,,,
Mo Bamba,,,,,,,,,,,,,,,,,,,,,,,,,,
Nic Claxton,,,,,,,,,,,,,,,,,,,,,,,,,,
Ricky Rubio,,,,,,,,,,,,,,,,,,,,,,,,,,
Bojan Bogdanovic,,,,,,,,,,,,,,,,,,,,,,,,,,
Jarred Vanderbilt,,,,,,,,,,,,,,,,,,,,,,,,,,
Dario Saric,,,,,,,,,,,,,,,,,,,,,,,,,,
Gary Harris,,,,,,,,,,,,,,,,,,,,,,,,,,
Reggie Jackson,,,,,,,,,,,,,,,,,,,,,,,,,,
Kentavious Caldwell-Pope,,,,,,,,,,,,,,,,,,,,,,,,,,
Josh Okogie,,,,,,,,,,,,,,,,,,,,,,,,,,
Taj Gibson,,,,,,,,,,,,,,,,,,,,,,,,,,
Alex Len,,,,,,,,,,,,,,,,,,,,,,,,,,
Jae Crowder,,,,,,,,,,,,,,,,,,,,,,,,,,
Kyle Kuzma,,,,,,,,,,,,,,,,,,,,,,,,,,
Josh Richardson,,,,,,,,,,,,,,,,,,,,,,,,,,
Theo Maledon,,,,,,,,,,,,,,,,,,,,,,,,,,
Norman Powell,,,,,,,,,,,,,,,,,,,,,,,,,,
Armoni Brooks,,,,,,,,,,,,,,,,,,,,,,,,,,
Gary Trent Jr.,,,,,,,,,,,,,,,,,,,,,,,,,,
Taurean Prince,,,,,,,,,,,,,,,,,,,,,,,,,,
Maurice Harkless,,,,,,,,,,,,,,,,,,,,,,,,,,
Derrick Jones Jr.,,,,,,,,,,,,,,,,,,,,,,,,,,
Chimezie Metu,,,,,,,,,,,,,,,,,,,,,,,,,,
Ignas Brazdeikis,,,,,,,,,,,,,,,,,,,,,,,,,,
Lonnie Walker IV,,,,,,,,,,,,,,,,,,,,,,,,,,
Moritz Wagner,,,,,,,,,,,,,,,,,,,,,,,,,,
Terance Mann,,,,,,,,,,,,,,,,,,,,,,,,,,
DeMar DeRozan,,,,,,,,,,,,,,,,,,,,,,,,,,
Saddiq Bey,,,,,,,,,,,,,,,,,,,,,,,,,,
Grayson Allen,,,,,,,,,,,,,,,,,,,,,,,,,,
Ty Jerome,,,,,,,,,,,,,,,,,,,,,,,,,,
Avery Bradley,,,,,,,,,,,,,,,,,,,,,,,,,,
Tony Bradley,,,,,,,,,,,,,,,,,,,,,,,,,,
Derrick Rose,,,,,,,,,,,,,,,,,,,,,,,,,,
Marcus Morris Sr.,,,,,,,,,,,,,,,,,,,,,,,,,,
Henry Ellenson,,,,,,,,,,,,,,,,,,,,,,,,,,
Didi Louzada,,,,,,,,,,,,,,,,,,,,,,,,,,
Marquese Chriss,,,,,,,,,,,,,,,,,,,,,,,,,,
Luke Kornet,,,,,,,,,,,,,,,,,,,,,,,,,,
Chasson Randle,,,,,,,,,,,,,,,,,,,,,,,,,,
Nickeil Alexander-Walker,,,,,,,,,,,,,,,,,,,,,,,,,,
Jay Scrubb,,,,,,,,,,,,,,,,,,,,,,,,,,
Anzejs Pasecniks,,,,,,,,,,,,,,,,,,,,,,,,,,
Goran Dragic,,,,,,,,,,,,,,,,,,,,,,,,,,
Doug McDermott,,,,,,,,,,,,,,,,,,,,,,,,,,
LeBron James,,,,,,,,,,,,,,,,,,,,,,,,,,
Dwight Powell,,,,,,,,,,,,,,,,,,,,,,,,,,
Facundo Campazzo,,,,,,,,,,,,,,,,,,,,,,,,,,
Hamidou Diallo,,,,,,,,,,,,,,,,,,,,,,,,,,
Kenrich Williams,,,,,,,,,,,,,,,,,,,,,,,,,,
Donta Hall,,,,,,,,,,,,,,,,,,,,,,,,,,
Dwight Howard,,,,,,,,,,,,,,,,,,,,,,,,,,
Tony Snell,,,,,,,,,,,,,,,,,,,,,,,,,,
Rudy Gay,,,,,,,,,,,,,,,,,,,,,,,,,,
Kent Bazemore,,,,,,,,,,,,,,,,,,,,,,,,,,
Solomon Hill,,,,,,,,,,,,,,,,,,,,,,,,,,
Patty Mills,,,,,,,,,,,,,,,,,,,,,,,,,,
Justise Winslow,,,,,,,,,,,,,,,,,,,,,,,,,,
Jordan Bell,,,,,,,,,,,,,,,,,,,,,,,,,,
Dean Wade,,,,,,,,,,,,,,,,,,,,,,,,,,
Cameron Johnson,,,,,,,,,,,,,,,,,,,,,,,,,,
James Ennis III,,,,,,,,,,,,,,,,,,,,,,,,,,
Jordan Clarkson,,,,,,,,,,,,,,,,,,,,,,,,,,
Svi Mykhailiuk,,,,,,,,,,,,,,,,,,,,,,,,,,
Ish Smith,,,,,,,,,,,,,,,,,,,,,,,,,,
Precious Achiuwa,,,,,,,,,,,,,,,,,,,,,,,,,,
Monte Morris,,,,,,,,,,,,,,,,,,,,,,,,,,
Stephen Curry,,,,,,,,,,,,,,,,,,,,,,,,,,
Eric Paschall,,,,,,,,,,,,,,,,,,,,,,,,,,
Jahlil Okafor,,,,,,,,,,,,,,,,,,,,,,,,,,
Jerome Robinson,,,,,,,,,,,,,,,,,,,,,,,,,,
De'Anthony Melton,,,,,,,,,,,,,,,,,,,,,,,,,,
Carmelo Anthony,,,,,,,,,,,,,,,,,,,,,,,,,,
Matthew Dellavedova,,,,,,,,,,,,,,,,,,,,,,,,,,
Drew Eubanks,,,,,,,,,,,,,,,,,,,,,,,,,,
Aaron Holiday,,,,,,,,,,,,,,,,,,,,,,,,,,
Malachi Flynn,,,,,,,,,,,,,,,,,,,,,,,,,,
Jalen Brunson,,,,,,,,,,,,,,,,,,,,,,,,,,
Danuel House Jr.,,,,,,,,,,,,,,,,,,,,,,,,,,
Wayne Ellington,,,,,,,,,,,,,,,,,,,,,,,,,,
James Johnson,,,,,,,,,,,,,,,,,,,,,,,,,,
Cedi Osman,,,,,,,,,,,,,,,,,,,,,,,,,,
Talen Horton-Tucker,,,,,,,,,,,,,,,,,,,,,,,,,,
Dennis Smith Jr.,,,,,,,,,,,,,,,,,,,,,,,,,,
Damion Lee,,,,,,,,,,,,,,,,,,,,,,,,,,
Andre Iguodala,,,,,,,,,,,,,,,,,,,,,,,,,,
Luke Kennard,,,,,,,,,,,,,,,,,,,,,,,,,,
Shake Milton,,,,,,,,,,,,,,,,,,,,,,,,,,
R.J. Hampton,,,,,,,,,,,,,,,,,,,,,,,,,,
Markieff Morris,,,,,,,,,,,,,,,,,,,,,,,,,,
Jaxson Hayes,,,,,,,,,,,,,,,,,,,,,,,,,,
Timothe Luwawu-Cabarrot,,,,,,,,,,,,,,,,,,,,,,,,,,
Payton Pritchard,,,,,,,,,,,,,,,,,,,,,,,,,,
Caleb Martin,,,,,,,,,,,,,,,,,,,,,,,,,,
Nemanja Bjelica,,,,,,,,,,,,,,,,,,,,,,,,,,
George Hill,,,,,,,,,,,,,,,,,,,,,,,,,,
Goga Bitadze,,,,,,,,,,,,,,,,,,,,,,,,,,
Tomas Satoransky,,,,,,,,,,,,,,,,,,,,,,,,,,
Matisse Thybulle,,,,,,,,,,,,,,,,,,,,,,,,,,
Gary Clark,,,,,,,,,,,,,,,,,,,,,,,,,,
JaKarr Sampson,,,,,,,,,,,,,,,,,,,,,,,,,,
Jaylen Hoard,,,,,,,,,,,,,,,,,,,,,,,,,,
P.J. Dozier,,,,,,,,,,,,,,,,,,,,,,,,,,
Cody Martin,,,,,,,,,,,,,,,,,,,,,,,,,,
Damian Jones,,,,,,,,,,,,,,,,,,,,,,,,,,
Joe Ingles,,,,,,,,,,,,,,,,,,,,,,,,,,
D.J. Wilson,,,,,,,,,,,,,,,,,,,,,,,,,,
Otto Porter Jr.,,,,,,,,,,,,,,,,,,,,,,,,,,
Alec Burks,,,,,,,,,,,,,,,,,,,,,,,,,,
JaVale McGee,,,,,,,,,,,,,,,,,,,,,,,,,,
Eric Gordon,,,,,,,,,,,,,,,,,,,,,,,,,,
Grant Williams,,,,,,,,,,,,,,,,,,,,,,,,,,
Alex Caruso,,,,,,,,,,,,,,,,,,,,,,,,,,
Patrick Beverley,,,,,,,,,,,,,,,,,,,,,,,,,,
Spencer Dinwiddie,,,,,,,,,,,,,,,,,,,,,,,,,,
Kenyon Martin Jr.,,,,,,,,,,,,,,,,,,,,,,,,,,
Charlie Brown Jr.,,,,,,,,,,,,,,,,,,,,,,,,,,
Patrick Patterson,,,,,,,,,,,,,,,,,,,,,,,,,,
Jeff Teague,,,,,,,,,,,,,,,,,,,,,,,,,,
Malik Monk,,,,,,,,,,,,,,,,,,,,,,,,,,
Frank Mason III,,,,,,,,,,,,,,,,,,,,,,,,,,
Austin Rivers,,,,,,,,,,,,,,,,,,,,,,,,,,
Brad Wanamaker,,,,,,,,,,,,,,,,,,,,,,,,,,
Jaylen Nowell,,,,,,,,,,,,,,,,,,,,,,,,,,
Saben Lee,,,,,,,,,,,,,,,,,,,,,,,,,,
Garrison Mathews,,,,,,,,,,,,,,,,,,,,,,,,,,
Onyeka Okongwu,,,,,,,,,,,,,,,,,,,,,,,,,,
Troy Brown Jr.,,,,,,,,,,,,,,,,,,,,,,,,,,
Terence Davis,,,,,,,,,,,,,,,,,,,,,,,,,,
Juancho Hernangomez,,,,,,,,,,,,,,,,,,,,,,,,,,
Anfernee Simons,,,,,,,,,,,,,,,,,,,,,,,,,,
Torrey Craig,,,,,,,,,,,,,,,,,,,,,,,,,,
Stanley Johnson,,,,,,,,,,,,,,,,,,,,,,,,,,
Bryn Forbes,,,,,,,,,,,,,,,,,,,,,,,,,,
Isaiah Hartenstein,,,,,,,,,,,,,,,,,,,,,,,,,,
Jordan McLaughlin,,,,,,,,,,,,,,,,,,,,,,,,,,
Max Strus,,,,,,,,,,,,,,,,,,,,,,,,,,
Trey Lyles,,,,,,,,,,,,,,,,,,,,,,,,,,
Glenn Robinson III,,,,,,,,,,,,,,,,,,,,,,,,,,
Immanuel Quickley,,,,,,,,,,,,,,,,,,,,,,,,,,
Devin Vassell,,,,,,,,,,,,,,,,,,,,,,,,,,
D.J. Augustin,,,,,,,,,,,,,,,,,,,,,,,,,,
Damyean Dotson,,,,,,,,,,,,,,,,,,,,,,,,,,
Ray Spalding,,,,,,,,,,,,,,,,,,,,,,,,,,
Sekou Doumbouya,,,,,,,,,,,,,,,,,,,,,,,,,,
Alen Smailagic,,,,,,,,,,,,,,,,,,,,,,,,,,
Cameron Payne,,,,,,,,,,,,,,,,,,,,,,,,,,
Josh Hall,,,,,,,,,,,,,,,,,,,,,,,,,,
Dewayne Dedmon,,,,,,,,,,,,,,,,,,,,,,,,,,
Rajon Rondo,,,,,,,,,,,,,,,,,,,,,,,,,,
Brodric Thomas,,,,,,,,,,,,,,,,,,,,,,,,,,
Tyler Johnson,,,,,,,,,,,,,,,,,,,,,,,,,,
Justin Jackson,,,,,,,,,,,,,,,,,,,,,,,,,,
Wesley Matthews,,,,,,,,,,,,,,,,,,,,,,,,,,
Dylan Windler,,,,,,,,,,,,,,,,,,,,,,,,,,
Mike Scott,,,,,,,,,,,,,,,,,,,,,,,,,,
Abdel Nader,,,,,,,,,,,,,,,,,,,,,,,,,,
JaMychal Green,,,,,,,,,,,,,,,,,,,,,,,,,,
Chandler Hutchison,,,,,,,,,,,,,,,,,,,,,,,,,,
DaQuan Jeffries,,,,,,,,,,,,,,,,,,,,,,,,,,
Furkan Korkmaz,,,,,,,,,,,,,,,,,,,,,,,,,,
Desmond Bane,,,,,,,,,,,,,,,,,,,,,,,,,,
Mike James,,,,,,,,,,,,,,,,,,,,,,,,,,
Louis King,,,,,,,,,,,,,,,,,,,,,,,,,,
Nico Mannion,,,,,,,,,,,,,,,,,,,,,,,,,,
Yuta Watanabe,,,,,,,,,,,,,,,,,,,,,,,,,,
Robert Franks,,,,,,,,,,,,,,,,,,,,,,,,,,
Boban Marjanovic,,,,,,,,,,,,,,,,,,,,,,,,,,
Anderson Varejao,,,,,,,,,,,,,,,,,,,,,,,,,,
KZ Okpala,,,,,,,,,,,,,,,,,,,,,,,,,,
Edmond Sumner,,,,,,,,,,,,,,,,,,,,,,,,,,
DeAndre' Bembry,,,,,,,,,,,,,,,,,,,,,,,,,,
Semi Ojeleye,,,,,,,,,,,,,,,,,,,,,,,,,,
Rodney Hood,,,,,,,,,,,,,,,,,,,,,,,,,,
Kris Dunn,,,,,,,,,,,,,,,,,,,,,,,,,,
Aaron Nesmith,,,,,,,,,,,,,,,,,,,,,,,,,,
Ben McLemore,,,,,,,,,,,,,,,,,,,,,,,,,,
Nassir Little,,,,,,,,,,,,,,,,,,,,,,,,,,
Wes Iwundu,,,,,,,,,,,,,,,,,,,,,,,,,,
Gabe Vincent,,,,,,,,,,,,,,,,,,,,,,,,,,
Al-Farouq Aminu,,,,,,,,,,,,,,,,,,,,,,,,,,
Kira Lewis Jr.,,,,,,,,,,,,,,,,,,,,,,,,,,
Thon Maker,,,,,,,,,,,,,,,,,,,,,,,,,,
E'Twaun Moore,,,,,,,,,,,,,,,,,,,,,,,,,,
Denzel Valentine,,,,,,,,,,,,,,,,,,,,,,,,,,
Jontay Porter,,,,,,,,,,,,,,,,,,,,,,,,,,
Mychal Mulder,,,,,,,,,,,,,,,,,,,,,,,,,,
Reggie Perry,,,,,,,,,,,,,,,,,,,,,,,,,,
Lou Williams,,,,,,,,,,,,,,,,,,,,,,,,,,
Tyus Jones,,,,,,,,,,,,,,,,,,,,,,,,,,
Frank Jackson,,,,,,,,,,,,,,,,,,,,,,,,,,
Harry Giles III,,,,,,,,,,,,,,,,,,,,,,,,,,
John Konchar,,,,,,,,,,,,,,,,,,,,,,,,,,
Tyler Cook,,,,,,,,,,,,,,,,,,,,,,,,,,
Zeke Nnaji,,,,,,,,,,,,,,,,,,,,,,,,,,
Jake Layman,,,,,,,,,,,,,,,,,,,,,,,,,,
Jarrett Culver,,,,,,,,,,,,,,,,,,,,,,,,,,
Brandon Goodwin,,,,,,,,,,,,,,,,,,,,,,,,,,
Chris Silva,,,,,,,,,,,,,,,,,,,,,,,,,,
Wenyen Gabriel,,,,,,,,,,,,,,,,,,,,,,,,,,
Tyrese Maxey,,,,,,,,,,,,,,,,,,,,,,,,,,
Alize Johnson,,,,,,,,,,,,,,,,,,,,,,,,,,
Rodney McGruder,,,,,,,,,,,,,,,,,,,,,,,,,,
Justin James,,,,,,,,,,,,,,,,,,,,,,,,,,
Jordan Poole,,,,,,,,,,,,,,,,,,,,,,,,,,
Nicolo Melli,,,,,,,,,,,,,,,,,,,,,,,,,,
Javonte Green,,,,,,,,,,,,,,,,,,,,,,,,,,
Sean McDermott,,,,,,,,,,,,,,,,,,,,,,,,,,
Ersan Ilyasova,,,,,,,,,,,,,,,,,,,,,,,,,,
Georges Niang,,,,,,,,,,,,,,,,,,,,,,,,,,
Justin Robinson,,,,,,,,,,,,,,,,,,,,,,,,,,
JJ Redick,,,,,,,,,,,,,,,,,,,,,,,,,,
Lamar Stevens,,,,,,,,,,,,,,,,,,,,,,,,,,
Shaquille Harrison,,,,,,,,,,,,,,,,,,,,,,,,,,
Kelan Martin,,,,,,,,,,,,,,,,,,,,,,,,,,
Luka Samanic,,,,,,,,,,,,,,,,,,,,,,,,,,
Quinndary Weatherspoon,,,,,,,,,,,,,,,,,,,,,,,,,,
Bruno Caboclo,,,,,,,,,,,,,,,,,,,,,,,,,,
Romeo Langford,,,,,,,,,,,,,,,,,,,,,,,,,,
Tacko Fall,,,,,,,,,,,,,,,,,,,,,,,,,,
Isaiah Joe,,,,,,,,,,,,,,,,,,,,,,,,,,
Frank Ntilikina,,,,,,,,,,,,,,,,,,,,,,,,,,
Trent Forrest,,,,,,,,,,,,,,,,,,,,,,,,,,
Josh Green,,,,,,,,,,,,,,,,,,,,,,,,,,
Sindarius Thornwell,,,,,,,,,,,,,,,,,,,,,,,,,,
Jordan Nwora,,,,,,,,,,,,,,,,,,,,,,,,,,
Jabari Parker,,,,,,,,,,,,,,,,,,,,,,,,,,
Isaac Bonga,,,,,,,,,,,,,,,,,,,,,,,,,,
Jalen Harris,,,,,,,,,,,,,,,,,,,,,,,,,,
Trey Burke,,,,,,,,,,,,,,,,,,,,,,,,,,
Bruno Fernando,,,,,,,,,,,,,,,,,,,,,,,,,,
Keita Bates-Diop,,,,,,,,,,,,,,,,,,,,,,,,,,
Cameron Reynolds,,,,,,,,,,,,,,,,,,,,,,,,,,
Andre Roberson,,,,,,,,,,,,,,,,,,,,,,,,,,
Chris Chiozza,,,,,,,,,,,,,,,,,,,,,,,,,,
Jordan Bone,,,,,,,,,,,,,,,,,,,,,,,,,,
Malik Fitts,,,,,,,,,,,,,,,,,,,,,,,,,,
Meyers Leonard,,,,,,,,,,,,,,,,,,,,,,,,,,
Jalen Smith,,,,,,,,,,,,,,,,,,,,,,,,,,
Thanasis Antetokounmpo,,,,,,,,,,,,,,,,,,,,,,,,,,
Obi Toppin,,,,,,,,,,,,,,,,,,,,,,,,,,
Mason Jones,,,,,,,,,,,,,,,,,,,,,,,,,,
Paul Watson,,,,,,,,,,,,,,,,,,,,,,,,,,
Matt Thomas,,,,,,,,,,,,,,,,,,,,,,,,,,
Norvel Pelle,,,,,,,,,,,,,,,,,,,,,,,,,,
Jevon Carter,,,,,,,,,,,,,,,,,,,,,,,,,,
Nathan Knight,,,,,,,,,,,,,,,,,,,,,,,,,,
Vlatko Cancar,,,,,,,,,,,,,,,,,,,,,,,,,,
Miye Oni,,,,,,,,,,,,,,,,,,,,,,,,,,
Amida Brimah,,,,,,,,,,,,,,,,,,,,,,,,,,
Yogi Ferrell,,,,,,,,,,,,,,,,,,,,,,,,,,
Karim Mane,,,,,,,,,,,,,,,,,,,,,,,,,,
Devin Cannady,,,,,,,,,,,,,,,,,,,,,,,,,,
Jeremiah Martin,,,,,,,,,,,,,,,,,,,,,,,,,,
Alfonzo McKinnie,,,,,,,,,,,,,,,,,,,,,,,,,,
Tyler Bey,,,,,,,,,,,,,,,,,,,,,,,,,,
Carsen Edwards,,,,,,,,,,,,,,,,,,,,,,,,,,
Mfiondu Kabengele,,,,,,,,,,,,,,,,,,,,,,,,,,
Kevin Knox II,,,,,,,,,,,,,,,,,,,,,,,,,,
Rodions Kurucs,,,,,,,,,,,,,,,,,,,,,,,,,,
Quinn Cook,,,,,,,,,,,,,,,,,,,,,,,,,,
Kyle Guy,,,,,,,,,,,,,,,,,,,,,,,,,,
Anthony Tolliver,,,,,,,,,,,,,,,,,,,,,,,,,,
Anthony Gill,,,,,,,,,,,,,,,,,,,,,,,,,,
Ryan Arcidiacono,,,,,,,,,,,,,,,,,,,,,,,,,,
Deividas Sirvydis,,,,,,,,,,,,,,,,,,,,,,,,,,
Tremont Waters,,,,,,,,,,,,,,,,,,,,,,,,,,
Cristiano Felicio,,,,,,,,,,,,,,,,,,,,,,,,,,
Amir Coffey,,,,,,,,,,,,,,,,,,,,,,,,,,
Axel Toupane,,,,,,,,,,,,,,,,,,,,,,,,,,
Darius Miller,,,,,,,,,,,,,,,,,,,,,,,,,,
Mamadi Diakite,,,,,,,,,,,,,,,,,,,,,,,,,,
Sam Merrill,,,,,,,,,,,,,,,,,,,,,,,,,,
Daniel Oturu,,,,,,,,,,,,,,,,,,,,,,,,,,
Paul Reed,,,,,,,,,,,,,,,,,,,,,,,,,,
Tim Frazier,,,,,,,,,,,,,,,,,,,,,,,,,,
Jaylen Adams,,,,,,,,,,,,,,,,,,,,,,,,,,
Noah Vonleh,,,,,,,,,,,,,,,,,,,,,,,,,,
Tre Jones,,,,,,,,,,,,,,,,,,,,,,,,,,
Langston Galloway,,,,,,,,,,,,,,,,,,,,,,,,,,
Bol Bol,,,,,,,,,,,,,,,,,,,,,,,,,,
Jared Dudley,,,,,,,,,,,,,,,,,,,,,,,,,,
Cassius Winston,,,,,,,,,,,,,,,,,,,,,,,,,,
Rondae Hollis-Jefferson,,,,,,,,,,,,,,,,,,,,,,,,,,
Juwan Morgan,,,,,,,,,,,,,,,,,,,,,,,,,,
Skylar Mays,,,,,,,,,,,,,,,,,,,,,,,,,,
Markus Howard,,,,,,,,,,,,,,,,,,,,,,,,,,
Killian Tillie,,,,,,,,,,,,,,,,,,,,,,,,,,
Isaiah Thomas,,,,,,,,,,,,,,,,,,,,,,,,,,
Jahmi'us Ramsey,,,,,,,,,,,,,,,,,,,,,,,,,,
Nate Darling,,,,,,,,,,,,,,,,,,,,,,,,,,
James Nunnally,,,,,,,,,,,,,,,,,,,,,,,,,,
Nick Richards,,,,,,,,,,,,,,,,,,,,,,,,,,
Rayjon Tucker,,,,,,,,,,,,,,,,,,,,,,,,,,
Kostas Antetokounmpo,,,,,,,,,,,,,,,,,,,,,,,,,,
Vernon Carey Jr.,,,,,,,,,,,,,,,,,,,,,,,,,,
CJ Elleby,,,,,,,,,,,,,,,,,,,,,,,,,,
Jarrell Brantley,,,,,,,,,,,,,,,,,,,,,,,,,,
Vincent Poirier,,,,,,,,,,,,,,,,,,,,,,,,,,
Udoka Azubuike,,,,,,,,,,,,,,,,,,,,,,,,,,
Patrick McCaw,,,,,,,,,,,,,,,,,,,,,,,,,,
Brian Bowen II,,,,,,,,,,,,,,,,,,,,,,,,,,
Ty-Shon Alexander,,,,,,,,,,,,,,,,,,,,,,,,,,
Nate Hinton,,,,,,,,,,,,,,,,,,,,,,,,,,
Gary Payton II,,,,,,,,,,,,,,,,,,,,,,,,,,
Devontae Cacok,,,,,,,,,,,,,,,,,,,,,,,,,,
Terrance Ferguson,,,,,,,,,,,,,,,,,,,,,,,,,,
Grant Riller,,,,,,,,,,,,,,,,,,,,,,,,,,
Cassius Stanley,,,,,,,,,,,,,,,,,,,,,,,,,,
Jared Harper,,,,,,,,,,,,,,,,,,,,,,,,,,
Devon Dotson,,,,,,,,,,,,,,,,,,,,,,,,,,
Adam Mokoka,,,,,,,,,,,,,,,,,,,,,,,,,,
Theo Pinson,,,,,,,,,,,,,,,,,,,,,,,,,,
Tyrell Terry,,,,,,,,,,,,,,,,,,,,,,,,,,
T.J. Leaf,,,,,,,,,,,,,,,,,,,,,,,,,,
Robert Woodard II,,,,,,,,,,,,,,,,,,,,,,,,,,
Marques Bolden,,,,,,,,,,,,,,,,,,,,,,,,,,
Iman Shumpert,,,,,,,,,,,,,,,,,,,,,,,,,,
Elijah Hughes,,,,,,,,,,,,,,,,,,,,,,,,,,
Jalen Lecque,,,,,,,,,,,,,,,,,,,,,,,,,,
Keljin Blevins,,,,,,,,,,,,,,,,,,,,,,,,,,
Greg Whittington,,,,,,,,,,,,,,,,,,,,,,,,,,